Id,FormationId,PlayerId,SortNo,Name,Rarity,Level,ForceValue,SpeedRune1,SpeedRune2,SpeedRune3,PiercingRune1,PiercingRune2,PiercingRune3,LRNum,URNum,SSRNum,SRNum,RNum,EWeapon
# はいせ軍(仮) レベルなどの情報は適当です。ギルバトに必要なスタミナに関連した必須情報だけ設定してます。
# はいせ
1504,10001,231333719007,1,"[骸晶の魔女]オフィーリア",14,480,0,0,0,0,0,0,0,0,0,0,0,0,3
1208,10001,231333719007,2,"フィアー",14,480,0,0,0,0,0,0,0,0,0,0,0,0,3
1402,10001,231333719007,3,"[聖剣の魔女]フォルティナ",9,480,0,0,0,0,0,0,0,0,0,0,0,0,0
1503,10001,231333719007,4,"[錆鉄の魔女]A.A.",14,480,0,0,0,0,0,0,0,0,0,0,0,0,3
1506,10001,231333719007,5,"[神呪の魔女]イリア",14,480,0,0,0,0,0,0,0,0,0,0,0,0,3
1204,10002,231333719007,1,"ニーナ",15,480,0,0,0,0,0,0,0,0,0,0,0,0,3
1106,10002,231333719007,2,"ディアン",15,480,0,0,0,0,0,0,0,0,0,0,0,0,3
1102,10002,231333719007,3,"フレイシア",15,480,0,0,0,0,0,0,0,0,0,0,0,0,3
1103,10002,231333719007,4,"アモール",16,480,0,0,0,0,0,0,0,0,0,0,0,0,3
1109,10002,231333719007,5,"アーティ",14,480,0,0,0,0,0,0,0,0,0,0,0,0,3
1305,10003,231333719007,1,"プリマヴェーラ",16,480,0,0,0,0,0,0,0,0,0,0,0,0,3
1301,10003,231333719007,2,"ミミ",15,480,0,0,0,0,0,0,0,0,0,0,0,0,3
1404,10003,231333719007,3,"[天泣の魔女]ルサールカ",14,480,0,0,0,0,0,0,0,0,0,0,0,0,3
1304,10003,231333719007,4,"オリヴィエ",15,480,0,0,0,0,0,0,0,0,0,0,0,0,3
1405,10003,231333719007,5,"[聖槍の魔女]エルフリンデ",14,480,0,0,0,0,0,0,0,0,0,0,0,0,3
1004,10004,231333719007,1,"フローレンス",16,480,0,0,0,0,0,0,0,0,0,0,0,0,3
1202,10004,231333719007,2,"マーリン",15,480,0,0,0,0,0,0,0,0,0,0,0,0,3
1203,10004,231333719007,3,"コルディ",15,480,0,0,0,0,0,0,0,0,0,0,0,0,3
1003,10004,231333719007,4,"フェンリル",15,480,0,0,0,0,0,0,0,0,0,0,0,0,3
1403,10004,231333719007,5,"[雷啼の魔女]ケロベロス",14,480,0,0,0,0,0,0,0,0,0,0,0,0,3
1209,10005,231333719007,1,"[涼風の軍神]サブリナ",14,480,0,0,0,0,0,0,0,0,0,0,0,0,0
1207,10005,231333719007,2,"レア",14,480,0,0,0,0,0,0,0,0,0,0,0,0,0
1205,10005,231333719007,3,"メルティーユ",16,480,0,0,0,0,0,0,0,0,0,0,0,0,3
1201,10005,231333719007,4,"アイビー",16,480,0,0,0,0,0,0,0,0,0,0,0,0,3
1206,10005,231333719007,5,"ルーク",9,480,0,0,0,0,0,0,0,0,0,0,0,0,3
1309,10006,231333719007,1,"[墓守の夏休み]モーザ",14,480,0,0,0,0,0,0,0,0,0,0,0,0,0
1303,10006,231333719007,2,"ハトホル",15,480,0,0,0,0,0,0,0,0,0,0,0,0,3
1302,10006,231333719007,3,"トロポン",15,480,0,0,0,0,0,0,0,0,0,0,0,0,3
1307,10006,231333719007,4,"ウィーラ",10,480,0,0,0,0,0,0,0,0,0,0,0,0,3
1401,10006,231333719007,5,"[弔花の魔女]ナターシャ",14,480,0,0,0,0,0,0,0,0,0,0,0,0,3
1501,10007,231333719007,1,"[雪幻の魔女]ルナリンド",14,480,0,0,0,0,0,0,0,0,0,0,0,0,3
1505,10007,231333719007,2,"[英霊の魔女]アームストロング",9,480,0,0,0,0,0,0,0,0,0,0,0,0,3
1502,10007,231333719007,3,"[却火の魔女]ヴァルリーデ",9,480,0,0,0,0,0,0,0,0,0,0,0,0,3
1104,10007,231333719007,4,"リーン",15,480,0,0,0,0,0,0,0,0,0,0,0,0,3
1005,10007,231333719007,5,"ソーニャ",9,480,0,0,0,0,0,0,0,0,0,0,0,0,3
1006,10008,231333719007,1,"モーザ",16,480,0,0,0,0,0,0,0,0,0,0,0,0,3
1008,10008,231333719007,2,"ステラ",9,480,0,0,0,0,0,0,0,0,0,0,0,0,3
1007,10008,231333719007,3,"シヴィ",9,480,0,0,0,0,0,0,0,0,0,0,0,0,3
1002,10008,231333719007,4,"アムレート",17,480,0,0,0,0,0,0,0,0,0,0,0,0,0
1001,10008,231333719007,5,"ソルティーナ",14,480,0,0,0,0,0,0,0,0,0,0,0,0,3
1101,10009,231333719007,1,"サブリナ",14,480,0,0,0,0,0,0,0,0,0,0,0,0,3
1110,10009,231333719007,2,"プリシラ",9,480,0,0,0,0,0,0,0,0,0,0,0,0,3
1107,10009,231333719007,3,"ソフィア",9,480,0,0,0,0,0,0,0,0,0,0,0,0,3
1108,10009,231333719007,4,"シフォン",9,480,0,0,0,0,0,0,0,0,0,0,0,0,3
1105,10009,231333719007,5,"ベル",9,480,0,0,0,0,0,0,0,0,0,0,0,0,3
1306,10010,231333719007,1,"カロル",9,480,0,0,0,0,0,0,0,0,0,0,0,0,3
1308,10010,231333719007,2,"リシェス",9,480,0,0,0,0,0,0,0,0,0,0,0,0,3
1111,10010,231333719007,3,"[夏の残響]コルディ",9,480,0,0,0,0,0,0,0,0,0,0,0,0,3
1113,10010,231333719007,4,"テオドラ",3,160,0,0,0,0,0,0,0,0,0,0,0,0,0
1010,10010,231333719007,5,"アイリス",6,160,0,0,0,0,0,0,0,0,0,0,0,0,0
1011,10011,231333719007,1,"ロキ",6,160,0,0,0,0,0,0,0,0,0,0,0,0,0
1009,10011,231333719007,2,"イリア",6,160,0,0,0,0,0,0,0,0,0,0,0,0,0
1310,10011,231333719007,3,"スクルド",3,160,0,0,0,0,0,0,0,0,0,0,0,0,0
1311,10011,231333719007,4,"チェルナ",5,160,0,0,0,0,0,0,0,0,0,0,0,0,0
1312,10011,231333719007,5,"ソテイラ",3,160,0,0,0,0,0,0,0,0,0,0,0,0,0
1210,10012,231333719007,1,"ザラ",6,160,0,0,0,0,0,0,0,0,0,0,0,0,0
1211,10012,231333719007,2,"ロザリー",6,160,0,0,0,0,0,0,0,0,0,0,0,0,0
1212,10012,231333719007,3,"リブラ",6,160,0,0,0,0,0,0,0,0,0,0,0,0,0
1313,10012,231333719007,4,"ガルム",0,100,0,0,0,0,0,0,0,0,0,0,0,0,0
1115,10012,231333719007,5,"シャーロット",0,100,0,0,0,0,0,0,0,0,0,0,0,0,0
1213,10013,231333719007,1,"シズ",0,100,0,0,0,0,0,0,0,0,0,0,0,0,0
1012,10013,231333719007,2,"モニカ",0,100,0,0,0,0,0,0,0,0,0,0,0,0,0
1112,10013,231333719007,3,"アリアンロッド",160,0,0,0,0,0,0,0,0,0,0,0,0,0,0
1114,10013,231333719007,4,"ペトラ",4,160,0,0,0,0,0,0,0,0,0,0,0,0,0
1013,10013,231333719007,5,"フェーネ",9,485,0,0,0,0,0,0,0,0,0,0,0,0,0
1314,10014,231333719007,1,"[聖夜の贈り物]アモール",14,490,0,0,0,0,0,0,0,0,0,0,0,0,0

# あいか
1203,10101,807726881007,1,"コルディ",15,336,0,0,0,0,0,0,0,0,0,0,0,0,0
1202,10101,807726881007,2,"マーリン",15,336,0,0,0,0,0,0,0,0,0,0,0,0,0
1501,10101,807726881007,3,"[雪幻の魔女]ルナリンド",9,336,0,0,0,0,0,0,0,0,0,0,0,0,0
1205,10101,807726881007,4,"メルティーユ",14,336,0,0,0,0,0,0,0,0,0,0,0,0,0
1305,10101,807726881007,5,"プリマヴェーラ",11,336,0,0,0,0,0,0,0,0,0,0,0,0,0
1004,10102,807726881007,1,"フローレンス",14,336,0,0,0,0,0,0,0,0,0,0,0,0,0
1003,10102,807726881007,2,"フェンリル",14,336,0,0,0,0,0,0,0,0,0,0,0,0,0
1002,10102,807726881007,3,"アムレート",14,336,0,0,0,0,0,0,0,0,0,0,0,0,0
1001,10102,807726881007,4,"ソルティーナ",12,336,0,0,0,0,0,0,0,0,0,0,0,0,0
1401,10102,807726881007,5,"[弔花の魔女]ナターシャ",8,336,0,0,0,0,0,0,0,0,0,0,0,0,0

# テスラ
1301,10201,820627048007,1,"ミミ",14,355,0,0,0,0,0,0,0,0,0,0,0,0,0
1305,10201,820627048007,2,"プリマヴェーラ",13,355,0,0,0,0,0,0,0,0,0,0,0,0,0
1202,10201,820627048007,3,"マーリン",14,355,0,0,0,0,0,0,0,0,0,0,0,0,0
1404,10201,820627048007,4,"[天泣の魔女]ルサールカ",14,355,0,0,0,0,0,0,0,0,0,0,0,0,0
1304,10201,820627048007,5,"オリヴィエ",13,355,0,0,0,0,0,0,0,0,0,0,0,0,0
1504,10202,820627048007,1,"[骸晶の魔女]オフィーリア",6,355,0,0,0,0,0,0,0,0,0,0,0,0,0
1208,10202,820627048007,2,"フィアー",9,355,0,0,0,0,0,0,0,0,0,0,0,0,0
1004,10202,820627048007,3,"フローレンス",14,355,0,0,0,0,0,0,0,0,0,0,0,0,0
1003,10202,820627048007,4,"フェンリル",14,355,0,0,0,0,0,0,0,0,0,0,0,0,0
1002,10202,820627048007,5,"アムレート",14,355,0,0,0,0,0,0,0,0,0,0,0,0,0
1203,10203,820627048007,1,"コルディ",14,355,0,0,0,0,0,0,0,0,0,0,0,0,0
1204,10203,820627048007,2,"ニーナ",13,355,0,0,0,0,0,0,0,0,0,0,0,0,0
1205,10203,820627048007,3,"メルティーユ",13,355,0,0,0,0,0,0,0,0,0,0,0,0,0
1201,10203,820627048007,4,"アイビー",12,355,0,0,0,0,0,0,0,0,0,0,0,0,0
1209,10203,820627048007,5,"[涼風の軍神]サブリナ",6,355,0,0,0,0,0,0,0,0,0,0,0,0,0
1501,10204,820627048007,1,"[雪幻の魔女]ルナリンド",9,355,0,0,0,0,0,0,0,0,0,0,0,0,0
1104,10204,820627048007,2,"リーン",14,355,0,0,0,0,0,0,0,0,0,0,0,0,0
1103,10204,820627048007,3,"アモール",12,355,0,0,0,0,0,0,0,0,0,0,0,0,0
1106,10204,820627048007,4,"ディアン",12,355,0,0,0,0,0,0,0,0,0,0,0,0,0
1102,10204,820627048007,5,"フレイシア",12,355,0,0,0,0,0,0,0,0,0,0,0,0,0

# まんまる*Hz
1203,10301,507200060007,1,"コルディ",16,360,0,0,0,0,0,0,0,0,0,0,0,0,0
1305,10301,507200060007,2,"プリマヴェーラ",14,360,0,0,0,0,0,0,0,0,0,0,0,0,0
1106,10301,507200060007,3,"ディアン",14,360,0,0,0,0,0,0,0,0,0,0,0,0,0
1204,10301,507200060007,4,"ニーナ",14,360,0,0,0,0,0,0,0,0,0,0,0,0,0
1004,10301,507200060007,5,"フローレンス",15,360,0,0,0,0,0,0,0,0,0,0,0,0,0
1404,10302,507200060007,1,"[天泣の魔女]ルサールカ",3,360,0,0,0,0,0,0,0,0,0,0,0,0,0
1202,10302,507200060007,2,"マーリン",14,360,0,0,0,0,0,0,0,0,0,0,0,0,0
1301,10302,507200060007,3,"ミミ",9,360,0,0,0,0,0,0,0,0,0,0,0,0,0
1102,10302,507200060007,4,"フレイシア",11,360,0,0,0,0,0,0,0,0,0,0,0,0,0
1103,10302,507200060007,5,"アモール",11,360,0,0,0,0,0,0,0,0,0,0,0,0,0
1002,10303,507200060007,1,"アムレート",13,360,0,0,0,0,0,0,0,0,0,0,0,0,0
1208,10303,507200060007,2,"フィアー",8,360,0,0,0,0,0,0,0,0,0,0,0,0,0
1504,10303,507200060007,3,"[骸晶の魔女]オフィーリア",3,360,0,0,0,0,0,0,0,0,0,0,0,0,0
1003,10303,507200060007,4,"フェンリル",13,360,0,0,0,0,0,0,0,0,0,0,0,0,0
1001,10303,507200060007,5,"ソルティーナ",11,360,0,0,0,0,0,0,0,0,0,0,0,0,0
1205,10304,507200060007,1,"メルティーユ",13,360,0,0,0,0,0,0,0,0,0,0,0,0,0
1207,10304,507200060007,2,"レア",7,360,0,0,0,0,0,0,0,0,0,0,0,0,0
1104,10304,507200060007,3,"リーン",8,360,0,0,0,0,0,0,0,0,0,0,0,0,0
1108,10304,507200060007,4,"シフォン",8,360,0,0,0,0,0,0,0,0,0,0,0,0,0
1101,10304,507200060007,5,"サブリナ",10,360,0,0,0,0,0,0,0,0,0,0,0,0,0
1308,10305,507200060007,1,"リシェス",3,360,0,0,0,0,0,0,0,0,0,0,0,0,0
1309,10305,507200060007,2,"[墓守の夏休み]モーザ",3,360,0,0,0,0,0,0,0,0,0,0,0,0,0
1302,10305,507200060007,3,"トロポン",12,360,0,0,0,0,0,0,0,0,0,0,0,0,0
1303,10305,507200060007,4,"ハトホル",13,360,0,0,0,0,0,0,0,0,0,0,0,0,0
1304,10305,507200060007,5,"オリヴィエ",11,360,0,0,0,0,0,0,0,0,0,0,0,0,0
1402,10306,507200060007,1,"[聖剣の魔女]フォルティナ",9,360,0,0,0,0,0,0,0,0,0,0,0,0,0
1502,10306,507200060007,2,"[却火の魔女]ヴァルリーデ",3,360,0,0,0,0,0,0,0,0,0,0,0,0,0
1505,10306,507200060007,3,"[英霊の魔女]アームストロング",3,360,0,0,0,0,0,0,0,0,0,0,0,0,0
1501,10306,507200060007,4,"[雪幻の魔女]ルナリンド",8,360,0,0,0,0,0,0,0,0,0,0,0,0,0
1503,10306,507200060007,5,"[錆鉄の魔女]A.A.",3,360,0,0,0,0,0,0,0,0,0,0,0,0,0
1114,10307,507200060007,1,"ペトラ",3,160,0,0,0,0,0,0,0,0,0,0,0,0,0
1201,10307,507200060007,2,"アイビー",11,360,0,0,0,0,0,0,0,0,0,0,0,0,0
1401,10307,507200060007,3,"[弔花の魔女]ナターシャ",4,360,0,0,0,0,0,0,0,0,0,0,0,0,0
1403,10307,507200060007,4,"[雷啼の魔女]ケロベロス",3,360,0,0,0,0,0,0,0,0,0,0,0,0,0
1405,10307,507200060007,5,"[聖槍の魔女]エルフリンデ",3,360,0,0,0,0,0,0,0,0,0,0,0,0,0
1113,10308,507200060007,1,"テオドラ",3,160,0,0,0,0,0,0,0,0,0,0,0,0,0
1110,10308,507200060007,2,"プリシラ",3,360,0,0,0,0,0,0,0,0,0,0,0,0,0
1111,10308,507200060007,3,"[夏の残響]コルディ",3,360,0,0,0,0,0,0,0,0,0,0,0,0,0
1109,10308,507200060007,4,"アーティ",3,360,0,0,0,0,0,0,0,0,0,0,0,0,0
1105,10308,507200060007,5,"ベル",3,360,0,0,0,0,0,0,0,0,0,0,0,0,0
1010,10309,507200060007,1,"アイリス",6,160,0,0,0,0,0,0,0,0,0,0,0,0,0
1006,10309,507200060007,2,"モーザ",12,360,0,0,0,0,0,0,0,0,0,0,0,0,0
1011,10309,507200060007,3,"ロキ",0,60,0,0,0,0,0,0,0,0,0,0,0,0,0
1008,10309,507200060007,4,"ステラ",3,360,0,0,0,0,0,0,0,0,0,0,0,0,0
1009,10309,507200060007,5,"イリア",6,160,0,0,0,0,0,0,0,0,0,0,0,0,0
1310,10310,507200060007,1,"スクルド",3,100,0,0,0,0,0,0,0,0,0,0,0,0,0
1307,10310,507200060007,2,"ウィーラ",3,360,0,0,0,0,0,0,0,0,0,0,0,0,0
1306,10310,507200060007,3,"カロル",3,360,0,0,0,0,0,0,0,0,0,0,0,0,0
1311,10310,507200060007,4,"チェルナ",4,120,0,0,0,0,0,0,0,0,0,0,0,0,0
1312,10310,507200060007,5,"ソテイラ",3,100,0,0,0,0,0,0,0,0,0,0,0,0,0
1210,10311,507200060007,1,"ザラ",5,140,0,0,0,0,0,0,0,0,0,0,0,0,0
1211,10311,507200060007,2,"ロザリー",6,160,0,0,0,0,0,0,0,0,0,0,0,0,0
1212,10311,507200060007,3,"リブラ",6,160,0,0,0,0,0,0,0,0,0,0,0,0,0
1209,10311,507200060007,4,"[涼風の軍神]サブリナ",3,340,0,0,0,0,0,0,0,0,0,0,0,0,0
1206,10311,507200060007,5,"ルーク",3,360,0,0,0,0,0,0,0,0,0,0,0,0,0
1313,10312,507200060007,1,"ガルム",0,60,0,0,0,0,0,0,0,0,0,0,0,0,0

# ハリー
1203,10401,300309709007,1,"コルディ",14,375,0,0,0,0,0,0,0,0,0,0,0,0,0
1202,10401,300309709007,2,"マーリン",14,375,0,0,0,0,0,0,0,0,0,0,0,0,0
1004,10401,300309709007,3,"フローレンス",13,375,0,0,0,0,0,0,0,0,0,0,0,0,0
1301,10401,300309709007,4,"ミミ",9,375,0,0,0,0,0,0,0,0,0,0,0,0,0
1305,10401,300309709007,5,"プリマヴェーラ",10,375,0,0,0,0,0,0,0,0,0,0,0,0,0
1204,10402,300309709007,1,"ニーナ",13,375,0,0,0,0,0,0,0,0,0,0,0,0,0
1208,10402,300309709007,2,"フィアー",8,375,0,0,0,0,0,0,0,0,0,0,0,0,0
1106,10402,300309709007,3,"ディアン",11,375,0,0,0,0,0,0,0,0,0,0,0,0,0
1102,10402,300309709007,4,"フレイシア",11,375,0,0,0,0,0,0,0,0,0,0,0,0,0
1103,10402,300309709007,5,"アモール",11,375,0,0,0,0,0,0,0,0,0,0,0,0,0
1404,10403,300309709007,1,"[天泣の魔女]ルサールカ",3,375,0,0,0,0,0,0,0,0,0,0,0,0,0
1002,10403,300309709007,2,"アムレート",13,375,0,0,0,0,0,0,0,0,0,0,0,0,0
1003,10403,300309709007,3,"フェンリル",13,375,0,0,0,0,0,0,0,0,0,0,0,0,0
1001,10403,300309709007,4,"ソルティーナ",11,375,0,0,0,0,0,0,0,0,0,0,0,0,0
1504,10403,300309709007,5,"[骸晶の魔女]オフィーリア",3,375,0,0,0,0,0,0,0,0,0,0,0,0,0
1205,10404,300309709007,1,"メルティーユ",13,375,0,0,0,0,0,0,0,0,0,0,0,0,0
1207,10404,300309709007,2,"レア",7,375,0,0,0,0,0,0,0,0,0,0,0,0,0
1104,10404,300309709007,3,"リーン",8,375,0,0,0,0,0,0,0,0,0,0,0,0,0
1108,10404,300309709007,4,"シフォン",8,375,0,0,0,0,0,0,0,0,0,0,0,0,0
1101,10404,300309709007,5,"サブリナ",10,375,0,0,0,0,0,0,0,0,0,0,0,0,0
1308,10405,300309709007,1,"リシェス",3,375,0,0,0,0,0,0,0,0,0,0,0,0,0
1309,10405,300309709007,2,"[墓守の夏休み]モーザ",3,375,0,0,0,0,0,0,0,0,0,0,0,0,0
1302,10405,300309709007,3,"トロポン",12,375,0,0,0,0,0,0,0,0,0,0,0,0,0
1303,10405,300309709007,4,"ハトホル",13,375,0,0,0,0,0,0,0,0,0,0,0,0,0
1304,10405,300309709007,5,"オリヴィエ",11,375,0,0,0,0,0,0,0,0,0,0,0,0,0

# Entangle
1404,10501,256575537007,1,"[天泣の魔女]ルサールカ",3,380,13573015,0,0,0,0,0,0,0,0,0,0,0,0
1301,10501,256575537007,2,"ミミ",10,380,28437900,0,0,0,0,0,0,0,1,0,0,0,2
1202,10501,256575537007,3,"マーリン",15,380,33286552,0,0,0,0,0,0,1,0,2,0,0,3
1203,10501,256575537007,4,"コルディ",15,380,48581349,12,12,12,11,11,11,2,0,4,0,0,3
1305,10501,256575537007,5,"プリマヴェーラ",11,380,27916792,0,0,0,0,0,0,0,0,2,0,0,1
1002,10502,256575537007,1,"アムレート",14,380,41804237,0,0,0,0,0,0,2,0,2,0,0,3
1003,10502,256575537007,2,"フェンリル",14,380,30549247,0,0,0,0,0,0,1,0,2,0,0,3
1004,10502,256575537007,3,"フローレンス",14,380,56504015,11,11,11,12,12,12,4,0,2,0,0,3
1001,10502,256575537007,4,"ソルティーナ",12,380,25608013,0,0,0,0,0,0,0,0,0,0,0,0
1504,10502,256575537007,5,"[骸晶の魔女]オフィーリア",3,380,14676540,0,0,0,0,0,0,0,0,4,0,0,1
1204,10503,256575537007,1,"ニーナ",14,380,35988650,0,0,0,10,10,10,2,0,4,0,0,3
1208,10503,256575537007,2,"フィアー",9,380,33889288,7,6,5,0,0,0,0,1,3,0,0,2
1106,10503,256575537007,3,"ディアン",13,380,26832757,0,0,0,0,0,0,0,0,0,0,0,0
1103,10503,256575537007,4,"アモール",12,380,24838934,0,0,0,0,0,0,0,0,0,2,4,0
1109,10503,256575537007,5,"アーティ",9,380,12466564,0,0,0,0,0,0,0,0,0,0,0,0
1205,10504,256575537007,1,"メルティーユ",14,380,30672157,0,0,0,0,0,0,1,0,0,0,0,3
1207,10504,256575537007,2,"レア",8,380,23376424,10,8,7,7,3,2,0,0,4,0,0,0
1104,10504,256575537007,3,"リーン",10,380,23614119,0,0,0,0,0,0,0,0,0,0,0,0
1108,10504,256575537007,4,"シフォン",9,380,23033618,0,0,0,0,0,0,0,0,0,0,0,0
1101,10504,256575537007,5,"サブリナ",11,380,24053282,0,0,0,0,0,0,0,0,0,0,0,0
1308,10505,256575537007,1,"リシェス",3,380,12649687,0,0,0,0,0,0,0,0,0,0,0,0
1309,10505,256575537007,2,"[墓守の夏休み]モーザ",3,380,12715799,0,0,0,0,0,0,0,0,0,0,0,0
1302,10505,256575537007,3,"トロポン",14,380,25956283,0,0,0,0,0,0,0,0,0,0,0,0
1303,10505,256575537007,4,"ハトホル",14,380,27076078,0,0,0,0,0,0,0,0,0,0,0,0
1304,10505,256575537007,5,"オリヴィエ",13,380,27366470,0,0,0,0,0,0,0,0,1,0,0,0
1502,10506,256575537007,1,"[却火の魔女]ヴァルリーデ",3,380,12415814,0,0,0,0,0,0,0,0,0,0,0,0
1505,10506,256575537007,2,"[英霊の魔女]アームストロング",3,380,12549349,0,0,0,0,0,0,0,0,0,0,0,0
1501,10506,256575537007,3,"[雪幻の魔女]ルナリンド",9,380,28610006,0,0,0,0,0,0,0,1,0,0,0,0
1503,10506,256575537007,4,"[錆鉄の魔女]A.A.",3,380,12390000,0,0,0,0,0,0,0,0,0,0,0,0
1506,10506,256575537007,5,"[神呪の魔女]イリア",9,380,12390000,0,0,0,0,0,0,0,0,0,0,0,0
1201,10507,256575537007,1,"アイビー",12,380,25168660,0,0,0,0,0,0,0,0,0,0,0,0
1401,10507,256575537007,2,"[弔花の魔女]ナターシャ",5,380,16246760,0,0,0,0,0,0,0,0,0,0,0,0
1403,10507,256575537007,3,"[雷啼の魔女]ケロベロス",3,380,12938826,0,0,0,0,0,0,0,0,0,0,0,0
1405,10507,256575537007,4,"[聖槍の魔女]エルフリンデ",3,380,12494643,0,0,0,0,0,0,0,0,0,0,0,0
1402,10507,256575537007,5,"[聖剣の魔女]フォルティナ",10,380,24297594,0,0,0,0,0,0,0,0,1,0,0,0
1113,10508,256575537007,1,"テオドラ",3,380,1748000,0,0,0,0,0,0,0,0,0,0,0,0
1110,10508,256575537007,2,"プリシラ",3,380,12457616,0,0,0,0,0,0,0,0,0,0,0,0
1111,10508,256575537007,3,"[夏の残響]コルディ",3,380,12790729,0,0,0,0,0,0,0,0,0,0,0,0
1102,10508,256575537007,4,"フレイシア",12,380,24495077,0,0,0,0,0,0,0,0,0,0,0,0
1105,10508,256575537007,5,"ベル",3,380,12879058,0,0,0,0,0,0,0,0,0,0,0,0
1010,10509,256575537007,1,"アイリス",6,160,2410124,0,0,0,0,0,0,0,0,0,0,0,0
1006,10509,256575537007,2,"モーザ",13,380,26203115,0,0,0,0,0,0,0,0,0,0,0,0
1011,10509,256575537007,3,"ロキ",6,160,2265363,0,0,0,0,0,0,0,0,0,0,0,0
1008,10509,256575537007,4,"ステラ",3,380,12076728,0,0,0,0,0,0,0,0,0,0,0,0
1009,10509,256575537007,5,"イリア",6,160,2384826,0,0,0,0,0,0,0,0,0,0,0,0
1310,10510,256575537007,1,"スクルド",3,160,1730195,0,0,0,0,0,0,0,0,0,0,0,0
1307,10510,256575537007,2,"ウィーラ",3,380,12474757,0,0,0,0,0,0,0,0,0,0,0,0
1306,10510,256575537007,3,"カロル",3,380,12606722,0,0,0,0,0,0,0,0,0,0,0,0
1311,10510,256575537007,4,"チェルナ",5,1,902575,0,0,0,0,0,0,0,0,0,0,0,0
1312,10510,256575537007,5,"ソテイラ",3,160,1762342,0,0,0,0,0,0,0,0,0,0,0,0
1210,10511,256575537007,1,"ザラ",6,160,2078543,0,0,0,0,0,0,0,0,0,0,0,0
1211,10511,256575537007,2,"ロザリー",6,160,2083091,0,0,0,0,0,0,0,0,0,0,0,0
1212,10511,256575537007,3,"リブラ",6,160,2155157,0,0,0,0,0,0,0,0,0,0,0,0
1209,10511,256575537007,4,"[涼風の軍神]サブリナ",3,380,12489307,0,0,0,0,0,0,0,0,0,0,0,0
1206,10511,256575537007,5,"ルーク",3,380,12335197,0,0,0,0,0,0,0,0,0,0,0,0
1313,10512,256575537007,1,"ガルム",0,2,870057,0,0,0,0,0,0,0,0,0,0,0,0
1114,10512,256575537007,2,"ペトラ",4,160,1941951,0,0,0,0,0,0,0,0,0,0,0,0
1213,10512,256575537007,3,"シズ",0,4,870272,0,0,0,0,0,0,0,0,0,0,0,0
1012,10512,256575537007,4,"モニカ",0,9,872824,0,0,0,0,0,0,0,0,0,0,0,0
1112,10512,256575537007,5,"アリアンロッド",4,2,890820,0,0,0,0,0,0,0,0,0,0,0,0
1115,10513,256575537007,1,"シャーロット",0,2,869980,0,0,0,0,0,0,0,0,0,0,0,0
1013,10513,256575537007,2,"フェーネ",3,380,869980,0,0,0,0,0,0,0,0,0,0,0,0
1314,10513,256575537007,3,"[聖夜の贈り物]アモール",10,380,869980,0,0,0,0,0,0,0,0,0,0,0,0
1014,10513,256575537007,4,"[聖夜の祈り]トロポン",9,380,869980,0,0,0,0,0,0,0,0,0,0,0,0
1315,10513,256575537007,5,"[黒鎧の従者]アイリス",9,380,869980,0,0,0,0,0,0,0,0,0,0,0,0
1005,10514,256575537007,1,"ソーニャ",3,380,0,0,0,0,0,0,0,0,0,0,0,0,0
1305,10551,256575537007,1,"プリマヴェーラ",11,380,27916792,0,0,0,0,0,0,0,0,2,0,0,1
1203,10551,256575537007,2,"コルディ",15,380,48581349,12,12,12,11,11,11,2,0,4,0,0,3
1004,10551,256575537007,3,"フローレンス",14,380,56504015,11,11,11,12,12,12,4,0,2,0,0,3
1208,10551,256575537007,4,"フィアー",9,380,33889288,7,6,5,0,0,0,0,1,3,0,0,2
1204,10551,256575537007,5,"ニーナ",14,380,35988650,0,0,0,10,10,10,2,0,4,0,0,3

# Rovin
1203,10601,261087854007,1,"コルディ",14,336,0,0,0,0,0,0,0,0,0,0,0,0,0
1208,10601,261087854007,2,"フィアー",8,336,0,0,0,0,0,0,0,0,0,0,0,0,0
1106,10601,261087854007,3,"ディアン",11,336,0,0,0,0,0,0,0,0,0,0,0,0,0
1204,10601,261087854007,4,"ニーナ",14,336,0,0,0,0,0,0,0,0,0,0,0,0,0
1002,10601,261087854007,5,"アムレート",14,336,0,0,0,0,0,0,0,0,0,0,0,0,0
1504,10602,261087854007,1,"[骸晶の魔女]オフィーリア",9,336,0,0,0,0,0,0,0,0,0,0,0,0,0
1102,10602,261087854007,2,"フレイシア",11,336,0,0,0,0,0,0,0,0,0,0,0,0,0
1103,10602,261087854007,3,"アモール",11,336,0,0,0,0,0,0,0,0,0,0,0,0,0
1003,10602,261087854007,4,"フェンリル",13,336,0,0,0,0,0,0,0,0,0,0,0,0,0
1001,10602,261087854007,5,"ソルティーナ",11,336,0,0,0,0,0,0,0,0,0,0,0,0,0
1404,10603,261087854007,1,"[天泣の魔女]ルサールカ",3,336,0,0,0,0,0,0,0,0,0,0,0,0,0
1202,10603,261087854007,2,"マーリン",14,336,0,0,0,0,0,0,0,0,0,0,0,0,0
1004,10603,261087854007,3,"フローレンス",13,336,0,0,0,0,0,0,0,0,0,0,0,0,0
1301,10603,261087854007,4,"ミミ",9,336,0,0,0,0,0,0,0,0,0,0,0,0,0
1305,10603,261087854007,5,"プリマヴェーラ",10,336,0,0,0,0,0,0,0,0,0,0,0,0,0
1205,10604,261087854007,1,"メルティーユ",13,336,0,0,0,0,0,0,0,0,0,0,0,0,0
1207,10604,261087854007,2,"レア",7,336,0,0,0,0,0,0,0,0,0,0,0,0,0
1104,10604,261087854007,3,"リーン",8,336,0,0,0,0,0,0,0,0,0,0,0,0,0
1108,10604,261087854007,4,"シフォン",8,336,0,0,0,0,0,0,0,0,0,0,0,0,0
1101,10604,261087854007,5,"サブリナ",10,336,0,0,0,0,0,0,0,0,0,0,0,0,0
1308,10605,261087854007,1,"リシェス",3,336,0,0,0,0,0,0,0,0,0,0,0,0,0
1309,10605,261087854007,2,"[墓守の夏休み]モーザ",3,336,0,0,0,0,0,0,0,0,0,0,0,0,0
1302,10605,261087854007,3,"トロポン",12,336,0,0,0,0,0,0,0,0,0,0,0,0,0
1303,10605,261087854007,4,"ハトホル",13,336,0,0,0,0,0,0,0,0,0,0,0,0,0
1304,10605,261087854007,5,"オリヴィエ",11,336,0,0,0,0,0,0,0,0,0,0,0,0,0
1402,10606,261087854007,1,"[聖剣の魔女]フォルティナ",9,336,0,0,0,0,0,0,0,0,0,0,0,0,0
1502,10606,261087854007,2,"[却火の魔女]ヴァルリーデ",3,336,0,0,0,0,0,0,0,0,0,0,0,0,0
1505,10606,261087854007,3,"[英霊の魔女]アームストロング",3,336,0,0,0,0,0,0,0,0,0,0,0,0,0
1501,10606,261087854007,4,"[雪幻の魔女]ルナリンド",8,336,0,0,0,0,0,0,0,0,0,0,0,0,0
1503,10606,261087854007,5,"[錆鉄の魔女]A.A.",3,336,0,0,0,0,0,0,0,0,0,0,0,0,0
1114,10607,261087854007,1,"ペトラ",3,160,0,0,0,0,0,0,0,0,0,0,0,0,0
1201,10607,261087854007,2,"アイビー",11,336,0,0,0,0,0,0,0,0,0,0,0,0,0
1401,10607,261087854007,3,"[弔花の魔女]ナターシャ",4,336,0,0,0,0,0,0,0,0,0,0,0,0,0
1403,10607,261087854007,4,"[雷啼の魔女]ケロベロス",3,336,0,0,0,0,0,0,0,0,0,0,0,0,0
1405,10607,261087854007,5,"[聖槍の魔女]エルフリンデ",3,336,0,0,0,0,0,0,0,0,0,0,0,0,0
1113,10608,261087854007,1,"テオドラ",3,160,0,0,0,0,0,0,0,0,0,0,0,0,0
1110,10608,261087854007,2,"プリシラ",3,336,0,0,0,0,0,0,0,0,0,0,0,0,0
1111,10608,261087854007,3,"[夏の残響]コルディ",3,336,0,0,0,0,0,0,0,0,0,0,0,0,0
1109,10608,261087854007,4,"アーティ",3,336,0,0,0,0,0,0,0,0,0,0,0,0,0
1105,10608,261087854007,5,"ベル",3,336,0,0,0,0,0,0,0,0,0,0,0,0,0
1010,10609,261087854007,1,"アイリス",6,160,0,0,0,0,0,0,0,0,0,0,0,0,0
1006,10609,261087854007,2,"モーザ",12,336,0,0,0,0,0,0,0,0,0,0,0,0,0
1011,10609,261087854007,3,"ロキ",0,60,0,0,0,0,0,0,0,0,0,0,0,0,0
1008,10609,261087854007,4,"ステラ",3,336,0,0,0,0,0,0,0,0,0,0,0,0,0
1009,10609,261087854007,5,"イリア",6,160,0,0,0,0,0,0,0,0,0,0,0,0,0
1310,10610,261087854007,1,"スクルド",3,100,0,0,0,0,0,0,0,0,0,0,0,0,0
1307,10610,261087854007,2,"ウィーラ",3,336,0,0,0,0,0,0,0,0,0,0,0,0,0
1306,10610,261087854007,3,"カロル",3,336,0,0,0,0,0,0,0,0,0,0,0,0,0
1311,10610,261087854007,4,"チェルナ",6,160,0,0,0,0,0,0,0,0,0,0,0,0,0
1312,10610,261087854007,5,"ソテイラ",6,160,0,0,0,0,0,0,0,0,0,0,0,0,0
1210,10611,261087854007,1,"ザラ",6,160,0,0,0,0,0,0,0,0,0,0,0,0,0
1211,10611,261087854007,2,"ロザリー",5,160,0,0,0,0,0,0,0,0,0,0,0,0,0
1212,10611,261087854007,3,"リブラ",5,160,0,0,0,0,0,0,0,0,0,0,0,0,0
1209,10611,261087854007,4,"[涼風の軍神]サブリナ",3,336,0,0,0,0,0,0,0,0,0,0,0,0,0
1206,10611,261087854007,5,"ルーク",3,336,0,0,0,0,0,0,0,0,0,0,0,0,0
1313,10612,261087854007,1,"ガルム",0,60,0,0,0,0,0,0,0,0,0,0,0,0,0
1114,10612,261087854007,2,"ペトラ",0,60,0,0,0,0,0,0,0,0,0,0,0,0,0
1213,10612,261087854007,3,"シズ",0,60,0,0,0,0,0,0,0,0,0,0,0,0,0

# ふじ
1301,10701,283365035007,1,"ミミ",6,286,0,0,0,0,0,0,0,0,0,0,0,0,0
1305,10701,283365035007,2,"プリマヴェーラ",7,286,0,0,0,0,0,0,0,0,0,0,0,0,0
1004,10701,283365035007,3,"フローレンス",13,286,0,0,0,0,0,0,0,0,0,0,0,0,0
1202,10701,283365035007,4,"マーリン",14,286,0,0,0,0,0,0,0,0,0,0,0,0,0
1203,10701,283365035007,5,"コルディ",14,286,0,0,0,0,0,0,0,0,0,0,0,0,0

# つくね
1404,10801,894297376007,1,"[天泣の魔女]ルサールカ",10,350,0,0,0,0,0,0,0,0,0,0,0,0,0
1106,10801,894297376007,2,"ディアン",11,350,0,0,0,0,0,0,0,0,0,0,0,0,0
1102,10801,894297376007,3,"フレイシア",11,350,0,0,0,0,0,0,0,0,0,0,0,0,0
1204,10801,894297376007,4,"ニーナ",9,350,0,0,0,0,0,0,0,0,0,0,0,0,0
1314,10801,894297376007,5,"[聖夜の贈り物]アモール",7,350,0,0,0,0,0,0,0,0,0,0,0,0,0
1301,10802,894297376007,1,"ミミ",12,350,0,0,0,0,0,0,0,0,0,0,0,0,0
1001,10802,894297376007,2,"ソルティーナ",11,350,0,0,0,0,0,0,0,0,0,0,0,0,0
1203,10802,894297376007,3,"コルディ",14,350,0,0,0,0,0,0,0,0,0,0,0,0,0
1202,10802,894297376007,4,"マーリン",14,350,0,0,0,0,0,0,0,0,0,0,0,0,0
1305,10802,894297376007,5,"プリマヴェーラ",12,350,0,0,0,0,0,0,0,0,0,0,0,0,0
1506,10803,894297376007,1,"[神呪の魔女]イリア",5,350,0,0,0,0,0,0,0,0,0,0,0,0,0
1004,10803,894297376007,2,"フローレンス",14,350,0,0,0,0,0,0,0,0,0,0,0,0,0
1208,10803,894297376007,3,"フィアー",10,350,0,0,0,0,0,0,0,0,0,0,0,0,0
1504,10803,894297376007,4,"[骸晶の魔女]オフィーリア",4,350,0,0,0,0,0,0,0,0,0,0,0,0,0
1010,10803,894297376007,5,"アイリス",6,160,0,0,0,0,0,0,0,0,0,0,0,0,0

# 目玉焼き
1204,10901,413936901007,1,"ニーナ",14,333,0,0,0,0,0,0,0,0,0,0,0,0,0
1102,10901,413936901007,2,"フレイシア",14,333,0,0,0,0,0,0,0,0,0,0,0,0,0
1106,10901,413936901007,3,"ディアン",13,333,0,0,0,0,0,0,0,0,0,0,0,0,0
1103,10901,413936901007,4,"アモール",11,333,0,0,0,0,0,0,0,0,0,0,0,0,0
1104,10901,413936901007,5,"リーン",13,333,0,0,0,0,0,0,0,0,0,0,0,0,0
1004,10902,413936901007,1,"フローレンス",14,333,0,0,0,0,0,0,0,0,0,0,0,0,0
1208,10902,413936901007,2,"フィアー",7,333,0,0,0,0,0,0,0,0,0,0,0,0,0
1504,10902,413936901007,3,"[骸晶の魔女]オフィーリア",3,333,0,0,0,0,0,0,0,0,0,0,0,0,0
1002,10902,413936901007,4,"アムレート",14,333,0,0,0,0,0,0,0,0,0,0,0,0,0
1404,10902,413936901007,5,"[天泣の魔女]ルサールカ",3,333,0,0,0,0,0,0,0,0,0,0,0,0,0
1203,10903,413936901007,1,"コルディ",14,333,0,0,0,0,0,0,0,0,0,0,0,0,0
1202,10903,413936901007,2,"マーリン",13,333,0,0,0,0,0,0,0,0,0,0,0,0,0
1207,10903,413936901007,3,"レア",3,333,0,0,0,0,0,0,0,0,0,0,0,0,0
1301,10903,413936901007,4,"ミミ",11,333,0,0,0,0,0,0,0,0,0,0,0,0,0
1305,10903,413936901007,5,"プリマヴェーラ",13,333,0,0,0,0,0,0,0,0,0,0,0,0,0

# my舞【拷問官】
1002,11001,531042793007,1,"アムレート",14,338,0,0,0,0,0,0,0,0,0,0,0,0,0
1501,11001,531042793007,2,"[雪幻の魔女]ルナリンド",14,338,0,0,0,0,0,0,0,0,0,0,0,0,0
1208,11001,531042793007,3,"フィアー",9,338,0,0,0,0,0,0,0,0,0,0,0,0,0
1504,11001,531042793007,4,"[骸晶の魔女]オフィーリア",7,338,0,0,0,0,0,0,0,0,0,0,0,0,0
1004,11001,531042793007,5,"フローレンス",14,338,0,0,0,0,0,0,0,0,0,0,0,0,0
1003,11002,531042793007,1,"フェンリル",14,338,0,0,0,0,0,0,0,0,0,0,0,0,0
1203,11002,531042793007,2,"コルディ",14,338,0,0,0,0,0,0,0,0,0,0,0,0,0
1202,11002,531042793007,3,"マーリン",14,338,0,0,0,0,0,0,0,0,0,0,0,0,0
1305,11002,531042793007,4,"プリマヴェーラ",11,338,0,0,0,0,0,0,0,0,0,0,0,0,0
1301,11002,531042793007,5,"ミミ",11,338,0,0,0,0,0,0,0,0,0,0,0,0,0

# あだくん
1203,11101,444478148007,1,"コルディ",15,326,0,0,0,0,0,0,0,0,0,0,0,0,0
1202,11101,444478148007,2,"マーリン",15,326,0,0,0,0,0,0,0,0,0,0,0,0,0
1004,11101,444478148007,3,"フローレンス",14,326,0,0,0,0,0,0,0,0,0,0,0,0,0
1106,11101,444478148007,4,"ディアン",12,326,0,0,0,0,0,0,0,0,0,0,0,0,0
1305,11101,444478148007,5,"プリマヴェーラ",11,326,0,0,0,0,0,0,0,0,0,0,0,0,0
1301,11102,444478148007,1,"ミミ",12,326,0,0,0,0,0,0,0,0,0,0,0,0,0
1003,11102,444478148007,2,"フェンリル",14,326,0,0,0,0,0,0,0,0,0,0,0,0,0
1501,11102,444478148007,3,"[雪幻の魔女]ルナリンド",13,326,0,0,0,0,0,0,0,0,0,0,0,0,0
1205,11102,444478148007,4,"メルティーユ",15,326,30672157,0,0,0,0,0,0,0,0,0,0,0,0
1208,11102,444478148007,5,"フィアー",13,326,0,0,0,0,0,0,0,0,0,0,0,0,0

# どむ
1404,11201,491842544007,1,"[天泣の魔女]ルサールカ",3,340,0,0,0,0,0,0,0,0,0,0,0,0,0
1301,11201,491842544007,2,"ミミ",9,340,0,0,0,0,0,0,0,0,0,0,0,0,0
1202,11201,491842544007,3,"マーリン",14,340,0,0,0,0,0,0,0,0,0,0,0,0,0
1203,11201,491842544007,4,"コルディ",14,340,0,0,0,0,0,0,0,0,0,0,0,0,0
1305,11201,491842544007,5,"プリマヴェーラ",10,340,0,0,0,0,0,0,0,0,0,0,0,0,0
1002,11202,491842544007,1,"アムレート",13,340,0,0,0,0,0,0,0,0,0,0,0,0,0
1003,11202,491842544007,2,"フェンリル",13,340,0,0,0,0,0,0,0,0,0,0,0,0,0
1004,11202,491842544007,3,"フローレンス",13,340,0,0,0,0,0,0,0,0,0,0,0,0,0
1001,11202,491842544007,4,"ソルティーナ",11,340,0,0,0,0,0,0,0,0,0,0,0,0,0
1504,11202,491842544007,5,"[骸晶の魔女]オフィーリア",3,340,0,0,0,0,0,0,0,0,0,0,0,0,0

# 押忍！！クソ男飯！！
1301,11301,335801971007,1,"ミミ",13,325,0,0,0,0,0,0,0,0,0,0,0,0,0
1305,11301,335801971007,2,"プリマヴェーラ",12,325,0,0,0,0,0,0,0,0,0,0,0,0,0
1203,11301,335801971007,3,"コルディ",14,325,0,0,0,0,0,0,0,0,0,0,0,0,0
1202,11301,335801971007,4,"マーリン",13,325,0,0,0,0,0,0,0,0,0,0,0,0,0
1404,11301,335801971007,5,"[天泣の魔女]ルサールカ",4,325,0,0,0,0,0,0,0,0,0,0,0,0,0
1504,11302,335801971007,1,"[骸晶の魔女]オフィーリア",5,325,0,0,0,0,0,0,0,0,0,0,0,0,0
1002,11302,335801971007,2,"アムレート",14,325,0,0,0,0,0,0,0,0,0,0,0,0,0
1003,11302,335801971007,3,"フェンリル",13,325,0,0,0,0,0,0,0,0,0,0,0,0,0
1004,11302,335801971007,4,"フローレンス",13,325,0,0,0,0,0,0,0,0,0,0,0,0,0
1001,11302,335801971007,5,"ソルティーナ",7,325,0,0,0,0,0,0,0,0,0,0,0,0,0
1204,11303,335801971007,1,"ニーナ",11,325,0,0,0,0,0,0,0,0,0,0,0,0,0
1208,11303,335801971007,2,"フィアー",8,325,0,0,0,0,0,0,0,0,0,0,0,0,0
1106,11303,335801971007,3,"ディアン",11,325,0,0,0,0,0,0,0,0,0,0,0,0,0
1102,11303,335801971007,4,"フレイシア",11,325,0,0,0,0,0,0,0,0,0,0,0,0,0
1103,11303,335801971007,5,"アモール",11,325,0,0,0,0,0,0,0,0,0,0,0,0,0

# アラン
1203,11401,262622156007,1,"コルディ",14,333,0,0,0,0,0,0,0,0,0,0,0,0,0
1202,11401,262622156007,2,"マーリン",14,333,0,0,0,0,0,0,0,0,0,0,0,0,0
1404,11401,262622156007,3,"[天泣の魔女]ルサールカ",6,333,0,0,0,0,0,0,0,0,0,0,0,0,0
1305,11401,262622156007,4,"プリマヴェーラ",13,333,0,0,0,0,0,0,0,0,0,0,0,0,0
1301,11401,262622156007,5,"ミミ",10,333,0,0,0,0,0,0,0,0,0,0,0,0,0
1004,11402,262622156007,1,"フローレンス",14,333,0,0,0,0,0,0,0,0,0,0,0,0,0
1208,11402,262622156007,2,"フィアー",8,333,0,0,0,0,0,0,0,0,0,0,0,0,0
1504,11402,262622156007,3,"[骸晶の魔女]オフィーリア",6,333,0,0,0,0,0,0,0,0,0,0,0,0,0
1002,11402,262622156007,4,"アムレート",14,333,0,0,0,0,0,0,0,0,0,0,0,0,0
1106,11402,262622156007,5,"ディアン",13,333,0,0,0,0,0,0,0,0,0,0,0,0,0

# バジェットしゅん
1404,11501,572346102007,1,"[天泣の魔女]ルサールカ",3,330,0,0,0,0,0,0,0,0,0,0,0,0,0
1301,11501,572346102007,2,"ミミ",9,330,0,0,0,0,0,0,0,0,0,0,0,0,0
1202,11501,572346102007,3,"マーリン",14,330,0,0,0,0,0,0,0,0,0,0,0,0,0
1203,11501,572346102007,4,"コルディ",14,330,0,0,0,0,0,0,0,0,0,0,0,0,0
1305,11501,572346102007,5,"プリマヴェーラ",10,330,0,0,0,0,0,0,0,0,0,0,0,0,0
1002,11502,572346102007,1,"アムレート",13,330,0,0,0,0,0,0,0,0,0,0,0,0,0
1003,11502,572346102007,2,"フェンリル",13,330,0,0,0,0,0,0,0,0,0,0,0,0,0
1004,11502,572346102007,3,"フローレンス",13,330,0,0,0,0,0,0,0,0,0,0,0,0,0
1001,11502,572346102007,4,"ソルティーナ",11,330,0,0,0,0,0,0,0,0,0,0,0,0,0
1504,11502,572346102007,5,"[骸晶の魔女]オフィーリア",3,330,0,0,0,0,0,0,0,0,0,0,0,0,0
1204,11503,572346102007,1,"ニーナ",13,330,0,0,0,0,0,0,0,0,0,0,0,0,0
1208,11503,572346102007,2,"フィアー",8,330,0,0,0,0,0,0,0,0,0,0,0,0,0
1106,11503,572346102007,3,"ディアン",11,330,0,0,0,0,0,0,0,0,0,0,0,0,0
1102,11503,572346102007,4,"フレイシア",11,330,0,0,0,0,0,0,0,0,0,0,0,0,0
1103,11503,572346102007,5,"アモール",11,330,0,0,0,0,0,0,0,0,0,0,0,0,0
1205,11504,572346102007,1,"メルティーユ",13,330,0,0,0,0,0,0,0,0,0,0,0,0,0
1207,11504,572346102007,2,"レア",7,330,0,0,0,0,0,0,0,0,0,0,0,0,0
1104,11504,572346102007,3,"リーン",8,330,0,0,0,0,0,0,0,0,0,0,0,0,0
1108,11504,572346102007,4,"シフォン",8,330,0,0,0,0,0,0,0,0,0,0,0,0,0
1101,11504,572346102007,5,"サブリナ",10,330,0,0,0,0,0,0,0,0,0,0,0,0,0
1308,11505,572346102007,1,"リシェス",3,330,0,0,0,0,0,0,0,0,0,0,0,0,0
1309,11505,572346102007,2,"[墓守の夏休み]モーザ",3,330,0,0,0,0,0,0,0,0,0,0,0,0,0
1302,11505,572346102007,3,"トロポン",12,330,0,0,0,0,0,0,0,0,0,0,0,0,0
1303,11505,572346102007,4,"ハトホル",13,330,0,0,0,0,0,0,0,0,0,0,0,0,0
1304,11505,572346102007,5,"オリヴィエ",11,330,0,0,0,0,0,0,0,0,0,0,0,0,0
1402,11506,572346102007,1,"[聖剣の魔女]フォルティナ",9,330,0,0,0,0,0,0,0,0,0,0,0,0,0
1502,11506,572346102007,2,"[却火の魔女]ヴァルリーデ",3,330,0,0,0,0,0,0,0,0,0,0,0,0,0
1505,11506,572346102007,3,"[英霊の魔女]アームストロング",3,330,0,0,0,0,0,0,0,0,0,0,0,0,0
1501,11506,572346102007,4,"[雪幻の魔女]ルナリンド",8,330,0,0,0,0,0,0,0,0,0,0,0,0,0
1503,11506,572346102007,5,"[錆鉄の魔女]A.A.",3,330,0,0,0,0,0,0,0,0,0,0,0,0,0
1114,11507,572346102007,1,"ペトラ",3,160,0,0,0,0,0,0,0,0,0,0,0,0,0
1201,11507,572346102007,2,"アイビー",11,330,0,0,0,0,0,0,0,0,0,0,0,0,0
1401,11507,572346102007,3,"[弔花の魔女]ナターシャ",4,330,0,0,0,0,0,0,0,0,0,0,0,0,0
1403,11507,572346102007,4,"[雷啼の魔女]ケロベロス",3,330,0,0,0,0,0,0,0,0,0,0,0,0,0
1405,11507,572346102007,5,"[聖槍の魔女]エルフリンデ",3,330,0,0,0,0,0,0,0,0,0,0,0,0,0
1113,11508,572346102007,1,"テオドラ",3,160,0,0,0,0,0,0,0,0,0,0,0,0,0
1110,11508,572346102007,2,"プリシラ",3,330,0,0,0,0,0,0,0,0,0,0,0,0,0
1111,11508,572346102007,3,"[夏の残響]コルディ",3,330,0,0,0,0,0,0,0,0,0,0,0,0,0
1109,11508,572346102007,4,"アーティ",3,330,0,0,0,0,0,0,0,0,0,0,0,0,0
1105,11508,572346102007,5,"ベル",3,330,0,0,0,0,0,0,0,0,0,0,0,0,0
1010,11509,572346102007,1,"アイリス",5,160,0,0,0,0,0,0,0,0,0,0,0,0,0
1006,11509,572346102007,2,"モーザ",12,330,0,0,0,0,0,0,0,0,0,0,0,0,0
1011,11509,572346102007,3,"ロキ",5,160,0,0,0,0,0,0,0,0,0,0,0,0,0
1008,11509,572346102007,4,"ステラ",3,330,0,0,0,0,0,0,0,0,0,0,0,0,0
1009,11509,572346102007,5,"イリア",5,160,0,0,0,0,0,0,0,0,0,0,0,0,0
1310,11510,572346102007,1,"スクルド",2,160,0,0,0,0,0,0,0,0,0,0,0,0,0
1307,11510,572346102007,2,"ウィーラ",2,330,0,0,0,0,0,0,0,0,0,0,0,0,0
1306,11510,572346102007,3,"カロル",3,330,0,0,0,0,0,0,0,0,0,0,0,0,0
1311,11510,572346102007,4,"チェルナ",4,160,0,0,0,0,0,0,0,0,0,0,0,0,0
1312,11510,572346102007,5,"ソテイラ",2,160,0,0,0,0,0,0,0,0,0,0,0,0,0
1210,11511,572346102007,1,"ザラ",5,160,0,0,0,0,0,0,0,0,0,0,0,0,0
1211,11511,572346102007,2,"ロザリー",5,160,0,0,0,0,0,0,0,0,0,0,0,0,0
1212,11511,572346102007,3,"リブラ",5,160,0,0,0,0,0,0,0,0,0,0,0,0,0

# モリ
1404,11601,176833048007,1,"[天泣の魔女]ルサールカ",3,314,0,0,0,0,0,0,0,0,0,0,0,0,0
1301,11601,176833048007,2,"ミミ",9,314,0,0,0,0,0,0,0,0,0,0,0,0,0
1202,11601,176833048007,3,"マーリン",14,314,0,0,0,0,0,0,0,0,0,0,0,0,0
1203,11601,176833048007,4,"コルディ",14,314,0,0,0,0,0,0,0,0,0,0,0,0,0
1305,11601,176833048007,5,"プリマヴェーラ",10,314,0,0,0,0,0,0,0,0,0,0,0,0,0
1002,11602,176833048007,1,"アムレート",13,314,0,0,0,0,0,0,0,0,0,0,0,0,0
1003,11602,176833048007,2,"フェンリル",13,314,0,0,0,0,0,0,0,0,0,0,0,0,0
1004,11602,176833048007,3,"フローレンス",13,314,0,0,0,0,0,0,0,0,0,0,0,0,0
1001,11602,176833048007,4,"ソルティーナ",11,314,0,0,0,0,0,0,0,0,0,0,0,0,0
1504,11602,176833048007,5,"[骸晶の魔女]オフィーリア",3,314,0,0,0,0,0,0,0,0,0,0,0,0,0
1204,11603,176833048007,1,"ニーナ",13,314,0,0,0,0,0,0,0,0,0,0,0,0,0
1208,11603,176833048007,2,"フィアー",8,314,0,0,0,0,0,0,0,0,0,0,0,0,0
1106,11603,176833048007,3,"ディアン",11,314,0,0,0,0,0,0,0,0,0,0,0,0,0
1102,11603,176833048007,4,"フレイシア",11,314,0,0,0,0,0,0,0,0,0,0,0,0,0
1103,11603,176833048007,5,"アモール",11,314,0,0,0,0,0,0,0,0,0,0,0,0,0
1205,11604,176833048007,1,"メルティーユ",13,314,0,0,0,0,0,0,0,0,0,0,0,0,0
1207,11604,176833048007,2,"レア",7,314,0,0,0,0,0,0,0,0,0,0,0,0,0
1104,11604,176833048007,3,"リーン",8,314,0,0,0,0,0,0,0,0,0,0,0,0,0
1108,11604,176833048007,4,"シフォン",8,314,0,0,0,0,0,0,0,0,0,0,0,0,0
1101,11604,176833048007,5,"サブリナ",10,314,0,0,0,0,0,0,0,0,0,0,0,0,0
1308,11605,176833048007,1,"リシェス",3,314,0,0,0,0,0,0,0,0,0,0,0,0,0
1309,11605,176833048007,2,"[墓守の夏休み]モーザ",3,314,0,0,0,0,0,0,0,0,0,0,0,0,0
1302,11605,176833048007,3,"トロポン",12,314,0,0,0,0,0,0,0,0,0,0,0,0,0
1303,11605,176833048007,4,"ハトホル",13,314,0,0,0,0,0,0,0,0,0,0,0,0,0
1304,11605,176833048007,5,"オリヴィエ",11,314,0,0,0,0,0,0,0,0,0,0,0,0,0
1402,11606,176833048007,1,"[聖剣の魔女]フォルティナ",9,314,0,0,0,0,0,0,0,0,0,0,0,0,0
1502,11606,176833048007,2,"[却火の魔女]ヴァルリーデ",3,314,0,0,0,0,0,0,0,0,0,0,0,0,0
1505,11606,176833048007,3,"[英霊の魔女]アームストロング",3,314,0,0,0,0,0,0,0,0,0,0,0,0,0
1501,11606,176833048007,4,"[雪幻の魔女]ルナリンド",8,314,0,0,0,0,0,0,0,0,0,0,0,0,0
1503,11606,176833048007,5,"[錆鉄の魔女]A.A.",3,314,0,0,0,0,0,0,0,0,0,0,0,0,0
1114,11607,176833048007,1,"ペトラ",3,160,0,0,0,0,0,0,0,0,0,0,0,0,0
1201,11607,176833048007,2,"アイビー",11,314,0,0,0,0,0,0,0,0,0,0,0,0,0
1401,11607,176833048007,3,"[弔花の魔女]ナターシャ",4,314,0,0,0,0,0,0,0,0,0,0,0,0,0
1403,11607,176833048007,4,"[雷啼の魔女]ケロベロス",3,314,0,0,0,0,0,0,0,0,0,0,0,0,0
1405,11607,176833048007,5,"[聖槍の魔女]エルフリンデ",3,314,0,0,0,0,0,0,0,0,0,0,0,0,0
1113,11608,176833048007,1,"テオドラ",3,160,0,0,0,0,0,0,0,0,0,0,0,0,0
1110,11608,176833048007,2,"プリシラ",3,314,0,0,0,0,0,0,0,0,0,0,0,0,0
1111,11608,176833048007,3,"[夏の残響]コルディ",3,314,0,0,0,0,0,0,0,0,0,0,0,0,0
1109,11608,176833048007,4,"アーティ",3,314,0,0,0,0,0,0,0,0,0,0,0,0,0
1105,11608,176833048007,5,"ベル",3,314,0,0,0,0,0,0,0,0,0,0,0,0,0
1010,11609,176833048007,1,"アイリス",5,160,0,0,0,0,0,0,0,0,0,0,0,0,0
1006,11609,176833048007,2,"モーザ",12,314,0,0,0,0,0,0,0,0,0,0,0,0,0
1011,11609,176833048007,3,"ロキ",5,160,0,0,0,0,0,0,0,0,0,0,0,0,0
1008,11609,176833048007,4,"ステラ",3,314,0,0,0,0,0,0,0,0,0,0,0,0,0
1009,11609,176833048007,5,"イリア",5,160,0,0,0,0,0,0,0,0,0,0,0,0,0
1310,11610,176833048007,1,"スクルド",2,160,0,0,0,0,0,0,0,0,0,0,0,0,0
1307,11610,176833048007,2,"ウィーラ",2,314,0,0,0,0,0,0,0,0,0,0,0,0,0
1306,11610,176833048007,3,"カロル",3,314,0,0,0,0,0,0,0,0,0,0,0,0,0
1311,11610,176833048007,4,"チェルナ",4,160,0,0,0,0,0,0,0,0,0,0,0,0,0
1312,11610,176833048007,5,"ソテイラ",2,160,0,0,0,0,0,0,0,0,0,0,0,0,0
1210,11611,176833048007,1,"ザラ",5,160,0,0,0,0,0,0,0,0,0,0,0,0,0
1211,11611,176833048007,2,"ロザリー",5,160,0,0,0,0,0,0,0,0,0,0,0,0,0
1212,11611,176833048007,3,"リブラ",5,160,0,0,0,0,0,0,0,0,0,0,0,0,0
1209,11611,176833048007,4,"[涼風の軍神]サブリナ",3,314,0,0,0,0,0,0,0,0,0,0,0,0,0

# ぐら
1203,11701,945141572007,1,"コルディ",15,337,0,0,0,0,0,0,0,0,0,0,0,0,0
1202,11701,945141572007,2,"マーリン",14,15,0,0,0,0,0,0,0,0,0,0,0,0,0
1404,11701,945141572007,3,"[天泣の魔女]ルサールカ",7,337,0,0,0,0,0,0,0,0,0,0,0,0,0
1301,11701,945141572007,4,"ミミ",14,337,0,0,0,0,0,0,0,0,0,0,0,0,0
1305,11701,945141572007,5,"プリマヴェーラ",14,337,0,0,0,0,0,0,0,0,0,0,0,0,0
1004,11702,945141572007,1,"フローレンス",14,337,0,0,0,0,0,0,0,0,0,0,0,0,0
1002,11702,945141572007,2,"アムレート",14,337,0,0,0,0,0,0,0,0,0,0,0,0,0
1003,11702,945141572007,3,"フェンリル",14,337,0,0,0,0,0,0,0,0,0,0,0,0,0
1001,11702,945141572007,4,"ソルティーナ",12,337,0,0,0,0,0,0,0,0,0,0,0,0,0
1010,11702,945141572007,5,"アイリス",6,160,0,0,0,0,0,0,0,0,0,0,0,0,0
1204,11703,945141572007,1,"ニーナ",14,337,0,0,0,0,0,0,0,0,0,0,0,0,0
1208,11703,945141572007,2,"フィアー",8,337,0,0,0,0,0,0,0,0,0,0,0,0,0
1106,11703,945141572007,3,"ディアン",14,337,0,0,0,0,0,0,0,0,0,0,0,0,0
1102,11703,945141572007,4,"フレイシア",15,337,0,0,0,0,0,0,0,0,0,0,0,0,0
1103,11703,945141572007,5,"アモール",14,337,0,0,0,0,0,0,0,0,0,0,0,0,0

# アサギ
1203,11801,459828184007,1,"コルディ",14,305,0,0,0,0,0,0,0,0,0,0,0,0,0
1202,11801,459828184007,2,"マーリン",14,305,0,0,0,0,0,0,0,0,0,0,0,0,0
1004,11801,459828184007,3,"フローレンス",13,305,0,0,0,0,0,0,0,0,0,0,0,0,0
1301,11801,459828184007,4,"ミミ",9,305,0,0,0,0,0,0,0,0,0,0,0,0,0
1305,11801,459828184007,5,"プリマヴェーラ",10,305,0,0,0,0,0,0,0,0,0,0,0,0,0
1404,11802,459828184007,1,"[天泣の魔女]ルサールカ",3,305,0,0,0,0,0,0,0,0,0,0,0,0,0
1002,11802,459828184007,2,"アムレート",13,305,0,0,0,0,0,0,0,0,0,0,0,0,0
1003,11802,459828184007,3,"フェンリル",13,305,0,0,0,0,0,0,0,0,0,0,0,0,0
1001,11802,459828184007,4,"ソルティーナ",11,305,0,0,0,0,0,0,0,0,0,0,0,0,0
1504,11802,459828184007,5,"[骸晶の魔女]オフィーリア",3,305,0,0,0,0,0,0,0,0,0,0,0,0,0
1204,11803,459828184007,1,"ニーナ",13,305,0,0,0,0,0,0,0,0,0,0,0,0,0
1208,11803,459828184007,2,"フィアー",8,305,0,0,0,0,0,0,0,0,0,0,0,0,0
1106,11803,459828184007,3,"ディアン",11,305,0,0,0,0,0,0,0,0,0,0,0,0,0
1102,11803,459828184007,4,"フレイシア",11,305,0,0,0,0,0,0,0,0,0,0,0,0,0
1103,11803,459828184007,5,"アモール",11,305,0,0,0,0,0,0,0,0,0,0,0,0,0
1205,11804,459828184007,1,"メルティーユ",13,305,0,0,0,0,0,0,0,0,0,0,0,0,0
1207,11804,459828184007,2,"レア",7,305,0,0,0,0,0,0,0,0,0,0,0,0,0
1104,11804,459828184007,3,"リーン",8,305,0,0,0,0,0,0,0,0,0,0,0,0,0
1108,11804,459828184007,4,"シフォン",8,305,0,0,0,0,0,0,0,0,0,0,0,0,0
1101,11804,459828184007,5,"サブリナ",10,305,0,0,0,0,0,0,0,0,0,0,0,0,0
1308,11805,459828184007,1,"リシェス",3,305,0,0,0,0,0,0,0,0,0,0,0,0,0
1309,11805,459828184007,2,"[墓守の夏休み]モーザ",3,305,0,0,0,0,0,0,0,0,0,0,0,0,0
1302,11805,459828184007,3,"トロポン",12,305,0,0,0,0,0,0,0,0,0,0,0,0,0
1303,11805,459828184007,4,"ハトホル",13,305,0,0,0,0,0,0,0,0,0,0,0,0,0
1304,11805,459828184007,5,"オリヴィエ",11,305,0,0,0,0,0,0,0,0,0,0,0,0,0
1402,11806,459828184007,1,"[聖剣の魔女]フォルティナ",9,305,0,0,0,0,0,0,0,0,0,0,0,0,0
1502,11806,459828184007,2,"[却火の魔女]ヴァルリーデ",3,305,0,0,0,0,0,0,0,0,0,0,0,0,0
1505,11806,459828184007,3,"[英霊の魔女]アームストロング",3,305,0,0,0,0,0,0,0,0,0,0,0,0,0
1501,11806,459828184007,4,"[雪幻の魔女]ルナリンド",8,305,0,0,0,0,0,0,0,0,0,0,0,0,0
1503,11806,459828184007,5,"[錆鉄の魔女]A.A.",3,305,0,0,0,0,0,0,0,0,0,0,0,0,0
1114,11807,459828184007,1,"ペトラ",3,160,0,0,0,0,0,0,0,0,0,0,0,0,0
1201,11807,459828184007,2,"アイビー",11,305,0,0,0,0,0,0,0,0,0,0,0,0,0
1401,11807,459828184007,3,"[弔花の魔女]ナターシャ",4,305,0,0,0,0,0,0,0,0,0,0,0,0,0
1403,11807,459828184007,4,"[雷啼の魔女]ケロベロス",3,305,0,0,0,0,0,0,0,0,0,0,0,0,0
1405,11807,459828184007,5,"[聖槍の魔女]エルフリンデ",3,305,0,0,0,0,0,0,0,0,0,0,0,0,0
1113,11808,459828184007,1,"テオドラ",3,160,0,0,0,0,0,0,0,0,0,0,0,0,0
1110,11808,459828184007,2,"プリシラ",3,305,0,0,0,0,0,0,0,0,0,0,0,0,0
1111,11808,459828184007,3,"[夏の残響]コルディ",3,305,0,0,0,0,0,0,0,0,0,0,0,0,0
1109,11808,459828184007,4,"アーティ",3,305,0,0,0,0,0,0,0,0,0,0,0,0,0
1105,11808,459828184007,5,"ベル",3,305,0,0,0,0,0,0,0,0,0,0,0,0,0
1010,11809,459828184007,1,"アイリス",5,160,0,0,0,0,0,0,0,0,0,0,0,0,0
1006,11809,459828184007,2,"モーザ",12,305,0,0,0,0,0,0,0,0,0,0,0,0,0
1011,11809,459828184007,3,"ロキ",5,160,0,0,0,0,0,0,0,0,0,0,0,0,0
1008,11809,459828184007,4,"ステラ",3,305,0,0,0,0,0,0,0,0,0,0,0,0,0
1009,11809,459828184007,5,"イリア",5,160,0,0,0,0,0,0,0,0,0,0,0,0,0
1310,11810,459828184007,1,"スクルド",2,160,0,0,0,0,0,0,0,0,0,0,0,0,0
1307,11810,459828184007,2,"ウィーラ",2,305,0,0,0,0,0,0,0,0,0,0,0,0,0
1306,11810,459828184007,3,"カロル",3,305,0,0,0,0,0,0,0,0,0,0,0,0,0
1311,11810,459828184007,4,"チェルナ",4,160,0,0,0,0,0,0,0,0,0,0,0,0,0
1312,11810,459828184007,5,"ソテイラ",2,160,0,0,0,0,0,0,0,0,0,0,0,0,0
1210,11811,459828184007,1,"ザラ",5,160,0,0,0,0,0,0,0,0,0,0,0,0,0
1211,11811,459828184007,2,"ロザリー",5,160,0,0,0,0,0,0,0,0,0,0,0,0,0
1212,11811,459828184007,3,"リブラ",5,160,0,0,0,0,0,0,0,0,0,0,0,0,0
1209,11811,459828184007,4,"[涼風の軍神]サブリナ",3,305,0,0,0,0,0,0,0,0,0,0,0,0,0
1206,11811,459828184007,5,"ルーク",3,305,0,0,0,0,0,0,0,0,0,0,0,0,0
1313,11812,459828184007,1,"ガルム",0,160,0,0,0,0,0,0,0,0,0,0,0,0,0
1114,11812,459828184007,2,"ペトラ",3,160,0,0,0,0,0,0,0,0,0,0,0,0,0
1213,11812,459828184007,3,"シズ",0,160,0,0,0,0,0,0,0,0,0,0,0,0,0
1012,11812,459828184007,4,"モニカ",0,160,0,0,0,0,0,0,0,0,0,0,0,0,0
1112,11812,459828184007,5,"アリアンロッド",0,160,0,0,0,0,0,0,0,0,0,0,0,0,0
1115,11813,459828184007,1,"シャーロット",0,160,0,0,0,0,0,0,0,0,0,0,0,0,0
1107,11813,459828184007,2,"ソフィア",8,305,0,0,0,0,0,0,0,0,0,0,0,0,0

# PIA
1404,11901,301947712007,1,"[天泣の魔女]ルサールカ",3,311,0,0,0,0,0,0,0,0,0,0,0,0,0
1301,11901,301947712007,2,"ミミ",12,311,0,0,0,0,0,0,0,0,0,0,0,0,0
1202,11901,301947712007,3,"マーリン",12,311,0,0,0,0,0,0,0,0,0,0,0,0,0
1203,11901,301947712007,4,"コルディ",14,311,0,0,0,0,0,0,0,0,0,0,0,0,0
1305,11901,301947712007,5,"プリマヴェーラ",9,311,0,0,0,0,0,0,0,0,0,0,0,0,0
1001,11902,301947712007,1,"ソルティーナ",13,311,0,0,0,0,0,0,0,0,0,0,0,0,0
1504,11902,301947712007,2,"[骸晶の魔女]オフィーリア",4,311,0,0,0,0,0,0,0,0,0,0,0,0,0
1208,11902,301947712007,3,"フィアー",8,311,0,0,0,0,0,0,0,0,0,0,0,0,0
1004,11902,301947712007,4,"フローレンス",14,311,0,0,0,0,0,0,0,0,0,0,0,0,0
1106,11902,301947712007,5,"ディアン",10,311,0,0,0,0,0,0,0,0,0,0,0,0,0

# りほこ
1004,12001,768785556007,1,"フローレンス",14,299,0,0,0,0,0,0,0,0,0,0,0,0,0
1202,12001,768785556007,2,"マーリン",14,299,0,0,0,0,0,0,0,0,0,0,0,0,0
1203,12001,768785556007,3,"コルディ",14,299,0,0,0,0,0,0,0,0,0,0,0,0,0
1002,12001,768785556007,4,"アムレート",14,299,0,0,0,0,0,0,0,0,0,0,0,0,0
1305,12001,768785556007,5,"プリマヴェーラ",10,299,0,0,0,0,0,0,0,0,0,0,0,0,0

# 時雨
1404,12101,472556817007,1,"[天泣の魔女]ルサールカ",3,307,0,0,0,0,0,0,0,0,0,0,0,0,0
1301,12101,472556817007,2,"ミミ",9,307,0,0,0,0,0,0,0,0,0,0,0,0,0
1202,12101,472556817007,3,"マーリン",14,307,0,0,0,0,0,0,0,0,0,0,0,0,0
1203,12101,472556817007,4,"コルディ",14,307,0,0,0,0,0,0,0,0,0,0,0,0,0
1305,12101,472556817007,5,"プリマヴェーラ",10,307,0,0,0,0,0,0,0,0,0,0,0,0,0
1002,12102,472556817007,1,"アムレート",13,307,0,0,0,0,0,0,0,0,0,0,0,0,0
1003,12102,472556817007,2,"フェンリル",13,307,0,0,0,0,0,0,0,0,0,0,0,0,0
1004,12102,472556817007,3,"フローレンス",13,307,0,0,0,0,0,0,0,0,0,0,0,0,0
1001,12102,472556817007,4,"ソルティーナ",11,307,0,0,0,0,0,0,0,0,0,0,0,0,0
1504,12102,472556817007,5,"[骸晶の魔女]オフィーリア",3,307,0,0,0,0,0,0,0,0,0,0,0,0,0
1204,12103,472556817007,1,"ニーナ",13,307,0,0,0,0,0,0,0,0,0,0,0,0,0
1208,12103,472556817007,2,"フィアー",8,307,0,0,0,0,0,0,0,0,0,0,0,0,0
1106,12103,472556817007,3,"ディアン",11,307,0,0,0,0,0,0,0,0,0,0,0,0,0
1102,12103,472556817007,4,"フレイシア",11,307,0,0,0,0,0,0,0,0,0,0,0,0,0
1103,12103,472556817007,5,"アモール",11,307,0,0,0,0,0,0,0,0,0,0,0,0,0
1205,12104,472556817007,1,"メルティーユ",13,307,0,0,0,0,0,0,0,0,0,0,0,0,0
1207,12104,472556817007,2,"レア",7,307,0,0,0,0,0,0,0,0,0,0,0,0,0
1104,12104,472556817007,3,"リーン",8,307,0,0,0,0,0,0,0,0,0,0,0,0,0
1108,12104,472556817007,4,"シフォン",8,307,0,0,0,0,0,0,0,0,0,0,0,0,0
1101,12104,472556817007,5,"サブリナ",10,307,0,0,0,0,0,0,0,0,0,0,0,0,0
1308,12105,472556817007,1,"リシェス",3,307,0,0,0,0,0,0,0,0,0,0,0,0,0
1309,12105,472556817007,2,"[墓守の夏休み]モーザ",3,307,0,0,0,0,0,0,0,0,0,0,0,0,0
1302,12105,472556817007,3,"トロポン",12,307,0,0,0,0,0,0,0,0,0,0,0,0,0
1303,12105,472556817007,4,"ハトホル",13,307,0,0,0,0,0,0,0,0,0,0,0,0,0
1304,12105,472556817007,5,"オリヴィエ",11,307,0,0,0,0,0,0,0,0,0,0,0,0,0
1402,12106,472556817007,1,"[聖剣の魔女]フォルティナ",9,307,0,0,0,0,0,0,0,0,0,0,0,0,0
1502,12106,472556817007,2,"[却火の魔女]ヴァルリーデ",3,307,0,0,0,0,0,0,0,0,0,0,0,0,0
1505,12106,472556817007,3,"[英霊の魔女]アームストロング",3,307,0,0,0,0,0,0,0,0,0,0,0,0,0
1501,12106,472556817007,4,"[雪幻の魔女]ルナリンド",8,307,0,0,0,0,0,0,0,0,0,0,0,0,0
1503,12106,472556817007,5,"[錆鉄の魔女]A.A.",3,307,0,0,0,0,0,0,0,0,0,0,0,0,0
1114,12107,472556817007,1,"ペトラ",3,160,0,0,0,0,0,0,0,0,0,0,0,0,0
1201,12107,472556817007,2,"アイビー",11,307,0,0,0,0,0,0,0,0,0,0,0,0,0
1401,12107,472556817007,3,"[弔花の魔女]ナターシャ",4,307,0,0,0,0,0,0,0,0,0,0,0,0,0
1403,12107,472556817007,4,"[雷啼の魔女]ケロベロス",3,307,0,0,0,0,0,0,0,0,0,0,0,0,0
1405,12107,472556817007,5,"[聖槍の魔女]エルフリンデ",3,307,0,0,0,0,0,0,0,0,0,0,0,0,0
1113,12108,472556817007,1,"テオドラ",3,160,0,0,0,0,0,0,0,0,0,0,0,0,0
1110,12108,472556817007,2,"プリシラ",3,307,0,0,0,0,0,0,0,0,0,0,0,0,0
1111,12108,472556817007,3,"[夏の残響]コルディ",3,307,0,0,0,0,0,0,0,0,0,0,0,0,0
1109,12108,472556817007,4,"アーティ",3,307,0,0,0,0,0,0,0,0,0,0,0,0,0
1105,12108,472556817007,5,"ベル",3,307,0,0,0,0,0,0,0,0,0,0,0,0,0
1010,12109,472556817007,1,"アイリス",5,160,0,0,0,0,0,0,0,0,0,0,0,0,0
1006,12109,472556817007,2,"モーザ",12,307,0,0,0,0,0,0,0,0,0,0,0,0,0

# るくれてぃあ
1001,12201,637190055007,1,"ソルティーナ",11,310,0,0,0,0,0,0,0,0,0,0,0,0,0
1106,12201,637190055007,2,"ディアン",9,310,0,0,0,0,0,0,0,0,0,0,0,0,0
1204,12201,637190055007,3,"ニーナ",14,310,0,0,0,0,0,0,0,0,0,0,0,0,0
1208,12201,637190055007,4,"フィアー",7,310,0,0,0,0,0,0,0,0,0,0,0,0,0
1002,12201,637190055007,5,"アムレート",14,310,0,0,0,0,0,0,0,0,0,0,0,0,0

# がすパン
1106,12301,372156978007,1,"ディアン",9,325,0,0,0,0,0,0,0,0,0,0,0,0,0
1208,12301,372156978007,2,"フィアー",8,325,0,0,0,0,0,0,0,0,0,0,0,0,0
1204,12301,372156978007,3,"ニーナ",14,325,0,0,0,0,0,0,0,0,0,0,0,0,0
1102,12301,372156978007,4,"フレイシア",10,325,0,0,0,0,0,0,0,0,0,0,0,0,0
1404,12301,372156978007,5,"[天泣の魔女]ルサールカ",5,325,0,0,0,0,0,0,0,0,0,0,0,0,0
1305,12302,372156978007,1,"プリマヴェーラ",10,325,0,0,0,0,0,0,0,0,0,0,0,0,0
1301,12302,372156978007,2,"ミミ",12,325,0,0,0,0,0,0,0,0,0,0,0,0,0
1004,12302,372156978007,3,"フローレンス",14,325,0,0,0,0,0,0,0,0,0,0,0,0,0
1003,12302,372156978007,4,"フェンリル",13,325,0,0,0,0,0,0,0,0,0,0,0,0,0
1504,12302,372156978007,5,"[骸晶の魔女]オフィーリア",5,325,0,0,0,0,0,0,0,0,0,0,0,0,0

# キサラギ
1404,12401,207006623007,1,"[天泣の魔女]ルサールカ",5,305,0,0,0,0,0,0,0,0,0,0,0,0,0
1301,12401,207006623007,2,"ミミ",10,305,0,0,0,0,0,0,0,0,0,0,0,0,0
1202,12401,207006623007,3,"マーリン",12,305,0,0,0,0,0,0,0,0,0,0,0,0,0
1203,12401,207006623007,4,"コルディ",14,305,0,0,0,0,0,0,0,0,0,0,0,0,0
1305,12401,207006623007,5,"プリマヴェーラ",10,305,0,0,0,0,0,0,0,0,0,0,0,0,0
1504,12402,207006623007,1,"[骸晶の魔女]オフィーリア",3,305,0,0,0,0,0,0,0,0,0,0,0,0,0
1208,12402,207006623007,2,"フィアー",5,305,0,0,0,0,0,0,0,0,0,0,0,0,0
1004,12402,207006623007,3,"フローレンス",14,305,0,0,0,0,0,0,0,0,0,0,0,0,0
1106,12402,207006623007,4,"ディアン",7,305,0,0,0,0,0,0,0,0,0,0,0,0,0
1002,12402,207006623007,5,"アムレート",14,305,0,0,0,0,0,0,0,0,0,0,0,0,0

# はにわ
#1004,12501,473365142007,1,"フローレンス",14,311,0,0,0,0,0,0,0,0,0,0,0,0,0
#1305,12501,473365142007,2,"プリマヴェーラ",12,311,0,0,0,0,0,0,0,0,0,0,0,0,0
#1002,12501,473365142007,3,"アムレート",14,311,0,0,0,0,0,0,0,0,0,0,0,0,0
#1301,12501,473365142007,4,"ミミ",10,311,0,0,0,0,0,0,0,0,0,0,0,0,0
#1010,12501,473365142007,5,"アイリス",1,160,0,0,0,0,0,0,0,0,0,0,0,0,0

# 竹林公園
1305,12601,203845500007,1,"プリマヴェーラ",9,310,0,0,0,0,0,0,0,0,0,0,0,0,0
1001,12601,203845500007,2,"ソルティーナ",11,310,0,0,0,0,0,0,0,0,0,0,0,0,0
1002,12601,203845500007,3,"アムレート",13,310,0,0,0,0,0,0,0,0,0,0,0,0,0
1301,12601,203845500007,4,"ミミ",12,310,0,0,0,0,0,0,0,0,0,0,0,0,0
1004,12601,203845500007,5,"フローレンス",14,310,0,0,0,0,0,0,0,0,0,0,0,0,0
1204,12602,203845500007,1,"ニーナ",11,310,0,0,0,0,0,0,0,0,0,0,0,0,0
1208,12602,203845500007,2,"フィアー",3,310,0,0,0,0,0,0,0,0,0,0,0,0,0
1205,12602,203845500007,3,"メルティーユ",9,310,0,0,0,0,0,0,0,0,0,0,0,0,0
1203,12602,203845500007,4,"コルディ",13,310,0,0,0,0,0,0,0,0,0,0,0,0,0
1202,12602,203845500007,5,"マーリン",12,310,0,0,0,0,0,0,0,0,0,0,0,0,0

# 山茶花
1305,12701,427719102007,1,"プリマヴェーラ",10,304,0,0,0,0,0,0,0,0,0,0,0,0,0
1301,12701,427719102007,2,"ミミ",7,304,0,0,0,0,0,0,0,0,0,0,0,0,0
1203,12701,427719102007,3,"コルディ",14,304,0,0,0,0,0,0,0,0,0,0,0,0,0
1202,12701,427719102007,4,"マーリン",13,304,0,0,0,0,0,0,0,0,0,0,0,0,0
1404,12701,427719102007,5,"[天泣の魔女]ルサールカ",3,304,0,0,0,0,0,0,0,0,0,0,0,0,0
1504,12702,427719102007,1,"[骸晶の魔女]オフィーリア",4,304,0,0,0,0,0,0,0,0,0,0,0,0,0
1208,12702,427719102007,2,"フィアー",8,304,0,0,0,0,0,0,0,0,0,0,0,0,0
1004,12702,427719102007,3,"フローレンス",9,304,0,0,0,0,0,0,0,0,0,0,0,0,0
1003,12702,427719102007,4,"フェンリル",9,304,0,0,0,0,0,0,0,0,0,0,0,0,0
1002,12702,427719102007,5,"アムレート",12,304,0,0,0,0,0,0,0,0,0,0,0,0,0

# はいてう
1305,12801,170265372007,1,"プリマヴェーラ",11,315,0,0,0,0,0,0,0,0,0,0,0,0,0
1301,12801,170265372007,2,"ミミ",9,315,0,0,0,0,0,0,0,0,0,0,0,0,0
1203,12801,170265372007,3,"コルディ",14,315,0,0,0,0,0,0,0,0,0,0,0,0,0
1202,12801,170265372007,4,"マーリン",14,315,0,0,0,0,0,0,0,0,0,0,0,0,0
1004,12801,170265372007,5,"フローレンス",13,315,0,0,0,0,0,0,0,0,0,0,0,0,0

# すぱーくりんぐきなこ
1305,12901,614888701007,1,"プリマヴェーラ",9,305,0,0,0,0,0,0,0,0,0,0,0,0,0
1301,12901,614888701007,2,"ミミ",9,305,0,0,0,0,0,0,0,0,0,0,0,0,0
1004,12901,614888701007,3,"フローレンス",13,305,0,0,0,0,0,0,0,0,0,0,0,0,0
1202,12901,614888701007,4,"マーリン",11,305,0,0,0,0,0,0,0,0,0,0,0,0,0
1203,12901,614888701007,5,"コルディ",14,305,0,0,0,0,0,0,0,0,0,0,0,0,0

# どくりん

# つくし
1203,13101,212887082007,1,"コルディ",14,286,0,0,0,0,0,0,0,0,0,0,0,0,0
1202,13101,212887082007,2,"マーリン",14,286,0,0,0,0,0,0,0,0,0,0,0,0,0
1004,13101,212887082007,3,"フローレンス",13,286,0,0,0,0,0,0,0,0,0,0,0,0,0
1301,13101,212887082007,4,"ミミ",9,286,0,0,0,0,0,0,0,0,0,0,0,0,0
1305,13101,212887082007,5,"プリマヴェーラ",10,286,0,0,0,0,0,0,0,0,0,0,0,0,0
1404,13102,212887082007,1,"[天泣の魔女]ルサールカ",3,286,0,0,0,0,0,0,0,0,0,0,0,0,0
1002,13102,212887082007,2,"アムレート",13,286,0,0,0,0,0,0,0,0,0,0,0,0,0
1003,13102,212887082007,3,"フェンリル",13,286,0,0,0,0,0,0,0,0,0,0,0,0,0
1001,13102,212887082007,4,"ソルティーナ",11,286,0,0,0,0,0,0,0,0,0,0,0,0,0
1504,13102,212887082007,5,"[骸晶の魔女]オフィーリア",3,286,0,0,0,0,0,0,0,0,0,0,0,0,0
1204,13103,212887082007,1,"ニーナ",13,286,0,0,0,0,0,0,0,0,0,0,0,0,0
1208,13103,212887082007,2,"フィアー",8,286,0,0,0,0,0,0,0,0,0,0,0,0,0
1106,13103,212887082007,3,"ディアン",11,286,0,0,0,0,0,0,0,0,0,0,0,0,0
1102,13103,212887082007,4,"フレイシア",11,286,0,0,0,0,0,0,0,0,0,0,0,0,0
1103,13103,212887082007,5,"アモール",11,286,0,0,0,0,0,0,0,0,0,0,0,0,0
1205,13104,212887082007,1,"メルティーユ",13,286,0,0,0,0,0,0,0,0,0,0,0,0,0
1207,13104,212887082007,2,"レア",7,286,0,0,0,0,0,0,0,0,0,0,0,0,0
1104,13104,212887082007,3,"リーン",8,286,0,0,0,0,0,0,0,0,0,0,0,0,0
1108,13104,212887082007,4,"シフォン",8,286,0,0,0,0,0,0,0,0,0,0,0,0,0
1101,13104,212887082007,5,"サブリナ",10,286,0,0,0,0,0,0,0,0,0,0,0,0,0
1308,13105,212887082007,1,"リシェス",2,286,0,0,0,0,0,0,0,0,0,0,0,0,0
1309,13105,212887082007,2,"[墓守の夏休み]モーザ",3,286,0,0,0,0,0,0,0,0,0,0,0,0,0
1302,13105,212887082007,3,"トロポン",12,286,0,0,0,0,0,0,0,0,0,0,0,0,0
1303,13105,212887082007,4,"ハトホル",13,286,0,0,0,0,0,0,0,0,0,0,0,0,0
1304,13105,212887082007,5,"オリヴィエ",11,286,0,0,0,0,0,0,0,0,0,0,0,0,0
1402,13106,212887082007,1,"[聖剣の魔女]フォルティナ",9,286,0,0,0,0,0,0,0,0,0,0,0,0,0
1502,13106,212887082007,2,"[却火の魔女]ヴァルリーデ",3,286,0,0,0,0,0,0,0,0,0,0,0,0,0
1505,13106,212887082007,3,"[英霊の魔女]アームストロング",3,286,0,0,0,0,0,0,0,0,0,0,0,0,0
1501,13106,212887082007,4,"[雪幻の魔女]ルナリンド",8,286,0,0,0,0,0,0,0,0,0,0,0,0,0
1503,13106,212887082007,5,"[錆鉄の魔女]A.A.",3,286,0,0,0,0,0,0,0,0,0,0,0,0,0
1114,13107,212887082007,1,"ペトラ",3,160,0,0,0,0,0,0,0,0,0,0,0,0,0
1201,13107,212887082007,2,"アイビー",11,286,0,0,0,0,0,0,0,0,0,0,0,0,0
1401,13107,212887082007,3,"[弔花の魔女]ナターシャ",4,286,0,0,0,0,0,0,0,0,0,0,0,0,0
1403,13107,212887082007,4,"[雷啼の魔女]ケロベロス",3,286,0,0,0,0,0,0,0,0,0,0,0,0,0
1405,13107,212887082007,5,"[聖槍の魔女]エルフリンデ",3,286,0,0,0,0,0,0,0,0,0,0,0,0,0
1113,13108,212887082007,1,"テオドラ",3,160,0,0,0,0,0,0,0,0,0,0,0,0,0
1110,13108,212887082007,2,"プリシラ",3,286,0,0,0,0,0,0,0,0,0,0,0,0,0
1111,13108,212887082007,3,"[夏の残響]コルディ",3,286,0,0,0,0,0,0,0,0,0,0,0,0,0
1109,13108,212887082007,4,"アーティ",3,286,0,0,0,0,0,0,0,0,0,0,0,0,0
1105,13108,212887082007,5,"ベル",3,286,0,0,0,0,0,0,0,0,0,0,0,0,0
1010,13109,212887082007,1,"アイリス",5,160,0,0,0,0,0,0,0,0,0,0,0,0,0
1006,13109,212887082007,2,"モーザ",12,286,0,0,0,0,0,0,0,0,0,0,0,0,0
1011,13109,212887082007,3,"ロキ",5,160,0,0,0,0,0,0,0,0,0,0,0,0,0
1008,13109,212887082007,4,"ステラ",3,286,0,0,0,0,0,0,0,0,0,0,0,0,0
1009,13109,212887082007,5,"イリア",5,160,0,0,0,0,0,0,0,0,0,0,0,0,0
1310,13110,212887082007,1,"スクルド",2,160,0,0,0,0,0,0,0,0,0,0,0,0,0
1307,13110,212887082007,2,"ウィーラ",2,286,0,0,0,0,0,0,0,0,0,0,0,0,0
1306,13110,212887082007,3,"カロル",3,286,0,0,0,0,0,0,0,0,0,0,0,0,0
1311,13110,212887082007,4,"チェルナ",4,160,0,0,0,0,0,0,0,0,0,0,0,0,0

# 梔
1301,13201,135460338007,1,"ミミ",14,355,0,0,0,0,0,0,0,0,0,0,0,0,0
1405,13201,135460338007,2,"[聖槍の魔女]エルフリンデ",9,355,0,0,0,0,0,0,0,0,0,0,0,0,0
1202,13201,135460338007,3,"マーリン",14,355,0,0,0,0,0,0,0,0,0,0,0,0,0
1203,13201,135460338007,4,"コルディ",14,355,0,0,0,0,0,0,0,0,0,0,0,0,0
1305,13201,135460338007,5,"プリマヴェーラ",13,355,0,0,0,0,0,0,0,0,0,0,0,0,0
1106,13202,135460338007,1,"ディアン",6,355,0,0,0,0,0,0,0,0,0,0,0,0,0
1001,13202,135460338007,2,"ソルティーナ",13,355,0,0,0,0,0,0,0,0,0,0,0,0,0
1504,13202,135460338007,3,"[骸晶の魔女]オフィーリア",14,355,0,0,0,0,0,0,0,0,0,0,0,0,0
1208,13202,135460338007,4,"フィアー",9,355,0,0,0,0,0,0,0,0,0,0,0,0,0
1004,13202,135460338007,5,"フローレンス",15,355,0,0,0,0,0,0,0,0,0,0,0,0,0

# ぱむへら
1106,13301,444427835007,1,"ディアン",7,280,0,0,0,0,0,0,0,0,0,0,0,0,0
1404,13301,444427835007,2,"[天泣の魔女]ルサールカ",5,280,0,0,0,0,0,0,0,0,0,0,0,0,0
1001,13301,444427835007,3,"ソルティーナ",7,280,0,0,0,0,0,0,0,0,0,0,0,0,0
1002,13301,444427835007,4,"アムレート",9,280,0,0,0,0,0,0,0,0,0,0,0,0,0
1010,13301,444427835007,5,"アイリス",5,160,0,0,0,0,0,0,0,0,0,0,0,0,0

# チョコミント



# くまさん
1203,13501,493555278007,1,"コルディ",14,295,0,0,0,0,0,0,0,0,0,0,0,0,0
1202,13501,493555278007,2,"マーリン",12,295,0,0,0,0,0,0,0,0,0,0,0,0,0
1404,13501,493555278007,3,"[天泣の魔女]ルサールカ",3,295,0,0,0,0,0,0,0,0,0,0,0,0,0
1305,13501,493555278007,4,"プリマヴェーラ",10,295,0,0,0,0,0,0,0,0,0,0,0,0,0
1301,13501,493555278007,5,"ミミ",10,295,0,0,0,0,0,0,0,0,0,0,0,0,0
1004,13502,493555278007,1,"フローレンス",14,295,0,0,0,0,0,0,0,0,0,0,0,0,0
1002,13502,493555278007,2,"アムレート",13,295,0,0,0,0,0,0,0,0,0,0,0,0,0
1003,13502,493555278007,3,"フェンリル",9,295,0,0,0,0,0,0,0,0,0,0,0,0,0
1001,13502,493555278007,4,"ソルティーナ",6,295,0,0,0,0,0,0,0,0,0,0,0,0,0
1106,13502,493555278007,5,"ディアン",11,295,0,0,0,0,0,0,0,0,0,0,0,0,0

# ぴーちの主レムりん
1203,13601,678776504007,1,"コルディ",14,334,0,0,0,0,0,0,0,0,0,0,0,0,0
1202,13601,678776504007,2,"マーリン",14,334,0,0,0,0,0,0,0,0,0,0,0,0,0
1204,13601,678776504007,3,"ニーナ",13,334,0,0,0,0,0,0,0,0,0,0,0,0,0
1106,13601,678776504007,4,"ディアン",12,334,0,0,0,0,0,0,0,0,0,0,0,0,0
1301,13601,678776504007,5,"ミミ",9,334,0,0,0,0,0,0,0,0,0,0,0,0,0
1004,13602,678776504007,1,"フローレンス",14,334,0,0,0,0,0,0,0,0,0,0,0,0,0
1003,13602,678776504007,2,"フェンリル",14,334,0,0,0,0,0,0,0,0,0,0,0,0,0
1002,13602,678776504007,3,"アムレート",15,334,0,0,0,0,0,0,0,0,0,0,0,0,0
1504,13602,678776504007,4,"[骸晶の魔女]オフィーリア",5,334,0,0,0,0,0,0,0,0,0,0,0,0,0
1305,13602,678776504007,5,"プリマヴェーラ",14,334,0,0,0,0,0,0,0,0,0,0,0,0,0

# りゆ

# ニャンパチ
1002,13801,608579704007,1,"アムレート",13,310,0,0,0,0,0,0,0,0,0,0,0,0,0
1202,13801,608579704007,2,"マーリン",14,310,0,0,0,0,0,0,0,0,0,0,0,0,0
1004,13801,608579704007,3,"フローレンス",13,310,0,0,0,0,0,0,0,0,0,0,0,0,0
1301,13801,608579704007,4,"ミミ",9,310,0,0,0,0,0,0,0,0,0,0,0,0,0
1305,13801,608579704007,5,"プリマヴェーラ",10,310,0,0,0,0,0,0,0,0,0,0,0,0,0
1404,13802,608579704007,1,"[天泣の魔女]ルサールカ",3,310,0,0,0,0,0,0,0,0,0,0,0,0,0
1203,13802,608579704007,2,"コルディ",14,310,0,0,0,0,0,0,0,0,0,0,0,0,0
1003,13802,608579704007,3,"フェンリル",13,310,0,0,0,0,0,0,0,0,0,0,0,0,0
1001,13802,608579704007,4,"ソルティーナ",11,310,0,0,0,0,0,0,0,0,0,0,0,0,0
1504,13802,608579704007,5,"[骸晶の魔女]オフィーリア",3,310,0,0,0,0,0,0,0,0,0,0,0,0,0
1204,13803,608579704007,1,"ニーナ",13,310,0,0,0,0,0,0,0,0,0,0,0,0,0
1208,13803,608579704007,2,"フィアー",8,310,0,0,0,0,0,0,0,0,0,0,0,0,0
1106,13803,608579704007,3,"ディアン",11,310,0,0,0,0,0,0,0,0,0,0,0,0,0
1102,13803,608579704007,4,"フレイシア",11,310,0,0,0,0,0,0,0,0,0,0,0,0,0
1103,13803,608579704007,5,"アモール",11,310,0,0,0,0,0,0,0,0,0,0,0,0,0
1205,13804,608579704007,1,"メルティーユ",13,310,0,0,0,0,0,0,0,0,0,0,0,0,0
1207,13804,608579704007,2,"レア",7,310,0,0,0,0,0,0,0,0,0,0,0,0,0
1104,13804,608579704007,3,"リーン",8,310,0,0,0,0,0,0,0,0,0,0,0,0,0
1108,13804,608579704007,4,"シフォン",8,310,0,0,0,0,0,0,0,0,0,0,0,0,0
1101,13804,608579704007,5,"サブリナ",10,310,0,0,0,0,0,0,0,0,0,0,0,0,0
1308,13805,608579704007,1,"リシェス",3,310,0,0,0,0,0,0,0,0,0,0,0,0,0
1309,13805,608579704007,2,"[墓守の夏休み]モーザ",3,310,0,0,0,0,0,0,0,0,0,0,0,0,0
1302,13805,608579704007,3,"トロポン",12,310,0,0,0,0,0,0,0,0,0,0,0,0,0
1303,13805,608579704007,4,"ハトホル",13,310,0,0,0,0,0,0,0,0,0,0,0,0,0
1304,13805,608579704007,5,"オリヴィエ",11,310,0,0,0,0,0,0,0,0,0,0,0,0,0
1402,13806,608579704007,1,"[聖剣の魔女]フォルティナ",9,310,0,0,0,0,0,0,0,0,0,0,0,0,0
1502,13806,608579704007,2,"[却火の魔女]ヴァルリーデ",3,310,0,0,0,0,0,0,0,0,0,0,0,0,0
1505,13806,608579704007,3,"[英霊の魔女]アームストロング",3,310,0,0,0,0,0,0,0,0,0,0,0,0,0
1501,13806,608579704007,4,"[雪幻の魔女]ルナリンド",8,310,0,0,0,0,0,0,0,0,0,0,0,0,0
1503,13806,608579704007,5,"[錆鉄の魔女]A.A.",3,310,0,0,0,0,0,0,0,0,0,0,0,0,0
1114,13807,608579704007,1,"ペトラ",3,160,0,0,0,0,0,0,0,0,0,0,0,0,0
1201,13807,608579704007,2,"アイビー",11,310,0,0,0,0,0,0,0,0,0,0,0,0,0
1401,13807,608579704007,3,"[弔花の魔女]ナターシャ",4,310,0,0,0,0,0,0,0,0,0,0,0,0,0
1403,13807,608579704007,4,"[雷啼の魔女]ケロベロス",3,310,0,0,0,0,0,0,0,0,0,0,0,0,0
1405,13807,608579704007,5,"[聖槍の魔女]エルフリンデ",3,310,0,0,0,0,0,0,0,0,0,0,0,0,0
1113,13808,608579704007,1,"テオドラ",3,160,0,0,0,0,0,0,0,0,0,0,0,0,0
1110,13808,608579704007,2,"プリシラ",3,310,0,0,0,0,0,0,0,0,0,0,0,0,0
1111,13808,608579704007,3,"[夏の残響]コルディ",3,310,0,0,0,0,0,0,0,0,0,0,0,0,0
1109,13808,608579704007,4,"アーティ",3,310,0,0,0,0,0,0,0,0,0,0,0,0,0
1105,13808,608579704007,5,"ベル",3,310,0,0,0,0,0,0,0,0,0,0,0,0,0
1010,13809,608579704007,1,"アイリス",5,160,0,0,0,0,0,0,0,0,0,0,0,0,0
1006,13809,608579704007,2,"モーザ",12,310,0,0,0,0,0,0,0,0,0,0,0,0,0
1011,13809,608579704007,3,"ロキ",5,160,0,0,0,0,0,0,0,0,0,0,0,0,0
1008,13809,608579704007,4,"ステラ",3,310,0,0,0,0,0,0,0,0,0,0,0,0,0
1009,13809,608579704007,5,"イリア",5,160,0,0,0,0,0,0,0,0,0,0,0,0,0
1310,13810,608579704007,1,"スクルド",2,160,0,0,0,0,0,0,0,0,0,0,0,0,0
1307,13810,608579704007,2,"ウィーラ",2,310,0,0,0,0,0,0,0,0,0,0,0,0,0
1306,13810,608579704007,3,"カロル",3,310,0,0,0,0,0,0,0,0,0,0,0,0,0
1311,13810,608579704007,4,"チェルナ",4,160,0,0,0,0,0,0,0,0,0,0,0,0,0
1312,13810,608579704007,5,"ソテイラ",2,160,0,0,0,0,0,0,0,0,0,0,0,0,0
1210,13811,608579704007,1,"ザラ",5,160,0,0,0,0,0,0,0,0,0,0,0,0,0
1211,13811,608579704007,2,"ロザリー",5,160,0,0,0,0,0,0,0,0,0,0,0,0,0
1212,13811,608579704007,3,"リブラ",5,160,0,0,0,0,0,0,0,0,0,0,0,0,0
1209,13811,608579704007,4,"[涼風の軍神]サブリナ",3,310,0,0,0,0,0,0,0,0,0,0,0,0,0

# 颯花
1002,13901,738988809007,1,"アムレート",13,160,0,0,0,0,0,0,0,0,0,0,0,0,0
1202,13901,738988809007,2,"マーリン",14,160,0,0,0,0,0,0,0,0,0,0,0,0,0
1004,13901,738988809007,3,"フローレンス",13,160,0,0,0,0,0,0,0,0,0,0,0,0,0
1301,13901,738988809007,4,"ミミ",9,160,0,0,0,0,0,0,0,0,0,0,0,0,0
1305,13901,738988809007,5,"プリマヴェーラ",10,160,0,0,0,0,0,0,0,0,0,0,0,0,0
1404,13902,738988809007,1,"[天泣の魔女]ルサールカ",3,160,0,0,0,0,0,0,0,0,0,0,0,0,0
1203,13902,738988809007,2,"コルディ",14,160,0,0,0,0,0,0,0,0,0,0,0,0,0
1003,13902,738988809007,3,"フェンリル",13,160,0,0,0,0,0,0,0,0,0,0,0,0,0
1001,13902,738988809007,4,"ソルティーナ",11,160,0,0,0,0,0,0,0,0,0,0,0,0,0
1504,13902,738988809007,5,"[骸晶の魔女]オフィーリア",3,160,0,0,0,0,0,0,0,0,0,0,0,0,0
1204,13903,738988809007,1,"ニーナ",13,160,0,0,0,0,0,0,0,0,0,0,0,0,0
1208,13903,738988809007,2,"フィアー",8,160,0,0,0,0,0,0,0,0,0,0,0,0,0
1106,13903,738988809007,3,"ディアン",11,160,0,0,0,0,0,0,0,0,0,0,0,0,0
1102,13903,738988809007,4,"フレイシア",11,160,0,0,0,0,0,0,0,0,0,0,0,0,0
1103,13903,738988809007,5,"アモール",11,160,0,0,0,0,0,0,0,0,0,0,0,0,0
1205,13904,738988809007,1,"メルティーユ",13,160,0,0,0,0,0,0,0,0,0,0,0,0,0
1207,13904,738988809007,2,"レア",7,160,0,0,0,0,0,0,0,0,0,0,0,0,0
1104,13904,738988809007,3,"リーン",8,160,0,0,0,0,0,0,0,0,0,0,0,0,0
1108,13904,738988809007,4,"シフォン",8,160,0,0,0,0,0,0,0,0,0,0,0,0,0
1101,13904,738988809007,5,"サブリナ",10,160,0,0,0,0,0,0,0,0,0,0,0,0,0
1308,13905,738988809007,1,"リシェス",3,160,0,0,0,0,0,0,0,0,0,0,0,0,0
1309,13905,738988809007,2,"[墓守の夏休み]モーザ",3,160,0,0,0,0,0,0,0,0,0,0,0,0,0
1302,13905,738988809007,3,"トロポン",12,160,0,0,0,0,0,0,0,0,0,0,0,0,0
1303,13905,738988809007,4,"ハトホル",13,160,0,0,0,0,0,0,0,0,0,0,0,0,0
1304,13905,738988809007,5,"オリヴィエ",11,160,0,0,0,0,0,0,0,0,0,0,0,0,0
1402,13906,738988809007,1,"[聖剣の魔女]フォルティナ",9,160,0,0,0,0,0,0,0,0,0,0,0,0,0
1502,13906,738988809007,2,"[却火の魔女]ヴァルリーデ",3,160,0,0,0,0,0,0,0,0,0,0,0,0,0
1505,13906,738988809007,3,"[英霊の魔女]アームストロング",3,160,0,0,0,0,0,0,0,0,0,0,0,0,0
1501,13906,738988809007,4,"[雪幻の魔女]ルナリンド",8,160,0,0,0,0,0,0,0,0,0,0,0,0,0
1503,13906,738988809007,5,"[錆鉄の魔女]A.A.",3,160,0,0,0,0,0,0,0,0,0,0,0,0,0
1114,13907,738988809007,1,"ペトラ",3,160,0,0,0,0,0,0,0,0,0,0,0,0,0
1201,13907,738988809007,2,"アイビー",11,160,0,0,0,0,0,0,0,0,0,0,0,0,0
1401,13907,738988809007,3,"[弔花の魔女]ナターシャ",4,160,0,0,0,0,0,0,0,0,0,0,0,0,0
1403,13907,738988809007,4,"[雷啼の魔女]ケロベロス",3,160,0,0,0,0,0,0,0,0,0,0,0,0,0
1405,13907,738988809007,5,"[聖槍の魔女]エルフリンデ",3,160,0,0,0,0,0,0,0,0,0,0,0,0,0
1113,13908,738988809007,1,"テオドラ",3,160,0,0,0,0,0,0,0,0,0,0,0,0,0
1110,13908,738988809007,2,"プリシラ",3,160,0,0,0,0,0,0,0,0,0,0,0,0,0
1111,13908,738988809007,3,"[夏の残響]コルディ",3,160,0,0,0,0,0,0,0,0,0,0,0,0,0
1109,13908,738988809007,4,"アーティ",3,160,0,0,0,0,0,0,0,0,0,0,0,0,0
1105,13908,738988809007,5,"ベル",3,160,0,0,0,0,0,0,0,0,0,0,0,0,0
1010,13909,738988809007,1,"アイリス",5,160,0,0,0,0,0,0,0,0,0,0,0,0,0
1006,13909,738988809007,2,"モーザ",12,160,0,0,0,0,0,0,0,0,0,0,0,0,0

# ちろる
1305,14001,397971095007,1,"プリマヴェーラ",10,294,0,0,0,0,0,0,0,0,0,0,0,0,0
1301,14001,397971095007,2,"ミミ",9,294,0,0,0,0,0,0,0,0,0,0,0,0,0
1202,14001,397971095007,3,"マーリン",14,294,0,0,0,0,0,0,0,0,0,0,0,0,0
1203,14001,397971095007,4,"コルディ",14,294,0,0,0,0,0,0,0,0,0,0,0,0,0
1404,14001,397971095007,5,"[天泣の魔女]ルサールカ",3,294,0,0,0,0,0,0,0,0,0,0,0,0,0
1002,14002,397971095007,1,"アムレート",14,294,0,0,0,0,0,0,0,0,0,0,0,0,0
1003,14002,397971095007,2,"フェンリル",12,294,0,0,0,0,0,0,0,0,0,0,0,0,0
1004,14002,397971095007,3,"フローレンス",14,294,0,0,0,0,0,0,0,0,0,0,0,0,0
1001,14002,397971095007,4,"ソルティーナ",6,294,0,0,0,0,0,0,0,0,0,0,0,0,0
1106,14002,397971095007,5,"ディアン",6,294,0,0,0,0,0,0,0,0,0,0,0,0,0

# アルクェイド
1404,14101,633624149007,1,"[天泣の魔女]ルサールカ",14,337,0,0,0,0,0,0,0,0,0,0,0,0,0
1003,14101,633624149007,2,"フェンリル",14,337,0,0,0,0,0,0,0,0,0,0,0,0,0
1002,14101,633624149007,3,"アムレート",14,337,0,0,0,0,0,0,0,0,0,0,0,0,0
1001,14101,633624149007,4,"ソルティーナ",9,337,0,0,0,0,0,0,0,0,0,0,0,0,0
1004,14101,633624149007,5,"フローレンス",14,337,0,0,0,0,0,0,0,0,0,0,0,0,0
1305,14102,633624149007,1,"プリマヴェーラ",13,337,0,0,0,0,0,0,0,0,0,0,0,0,0
1301,14102,633624149007,2,"ミミ",12,337,0,0,0,0,0,0,0,0,0,0,0,0,0
1202,14102,633624149007,3,"マーリン",14,337,0,0,0,0,0,0,0,0,0,0,0,0,0
1203,14102,633624149007,4,"コルディ",14,337,0,0,0,0,0,0,0,0,0,0,0,0,0
1304,14102,633624149007,5,"オリヴィエ",14,337,0,0,0,0,0,0,0,0,0,0,0,0,0

# TUYU
1305,14201,361687456007,1,"プリマヴェーラ",10,300,0,0,0,0,0,0,0,0,0,0,0,0,0
1301,14201,361687456007,2,"ミミ",9,300,0,0,0,0,0,0,0,0,0,0,0,0,0
1202,14201,361687456007,3,"マーリン",13,300,0,0,0,0,0,0,0,0,0,0,0,0,0
1203,14201,361687456007,4,"コルディ",14,300,0,0,0,0,0,0,0,0,0,0,0,0,0
1404,14201,361687456007,5,"[天泣の魔女]ルサールカ",3,300,0,0,0,0,0,0,0,0,0,0,0,0,0
1002,14202,361687456007,1,"アムレート",13,300,0,0,0,0,0,0,0,0,0,0,0,0,0
1001,14202,361687456007,2,"ソルティーナ",7,300,0,0,0,0,0,0,0,0,0,0,0,0,0
1004,14202,361687456007,3,"フローレンス",12,300,0,0,0,0,0,0,0,0,0,0,0,0,0
1106,14202,361687456007,4,"ディアン",9,300,0,0,0,0,0,0,0,0,0,0,0,0,0
1010,14202,361687456007,5,"アイリス",4,160,0,0,0,0,0,0,0,0,0,0,0,0,0

# ののは

# かりふらわー
1203,14401,685756986007,1,"コルディ",14,306,0,0,0,0,0,0,0,0,0,0,0,0,0
1202,14401,685756986007,2,"マーリン",13,306,0,0,0,0,0,0,0,0,0,0,0,0,0
1004,14401,685756986007,3,"フローレンス",13,306,0,0,0,0,0,0,0,0,0,0,0,0,0
1305,14401,685756986007,4,"プリマヴェーラ",10,306,0,0,0,0,0,0,0,0,0,0,0,0,0
1301,14401,685756986007,5,"ミミ",11,306,0,0,0,0,0,0,0,0,0,0,0,0,0

# 片翼の悪魔
1504,14501,950714862007,1,"[骸晶の魔女]オフィーリア",5,310,0,0,0,0,0,0,0,0,0,0,0,0,0
1208,14501,950714862007,2,"フィアー",13,310,0,0,0,0,0,0,0,0,0,0,0,0,0
1002,14501,950714862007,3,"アムレート",14,310,0,0,0,0,0,0,0,0,0,0,0,0,0
1204,14501,950714862007,4,"ニーナ",9,310,0,0,0,0,0,0,0,0,0,0,0,0,0
1106,14501,950714862007,5,"ディアン",10,310,0,0,0,0,0,0,0,0,0,0,0,0,0

# まだお∞
1203,14601,360063304007,1,"コルディ",14,285,0,0,0,0,0,0,0,0,0,0,0,0,0
1202,14601,360063304007,2,"マーリン",10,285,0,0,0,0,0,0,0,0,0,0,0,0,0
1004,14601,360063304007,3,"フローレンス",12,285,0,0,0,0,0,0,0,0,0,0,0,0,0
1301,14601,360063304007,4,"ミミ",11,285,0,0,0,0,0,0,0,0,0,0,0,0,0
1305,14601,360063304007,5,"プリマヴェーラ",12,285,0,0,0,0,0,0,0,0,0,0,0,0,0
1002,14602,360063304007,1,"アムレート",11,285,0,0,0,0,0,0,0,0,0,0,0,0,0
1001,14602,360063304007,2,"ソルティーナ",9,285,0,0,0,0,0,0,0,0,0,0,0,0,0
1003,14602,360063304007,3,"フェンリル",9,285,0,0,0,0,0,0,0,0,0,0,0,0,0
1102,14602,360063304007,4,"フレイシア",11,285,0,0,0,0,0,0,0,0,0,0,0,0,0
1101,14602,360063304007,5,"サブリナ",9,285,0,0,0,0,0,0,0,0,0,0,0,0,0

# ののた
1002,14701,361392880007,1,"アムレート",14,314,0,0,0,0,0,0,0,0,0,0,0,0,0
1003,14701,361392880007,2,"フェンリル",12,314,0,0,0,0,0,0,0,0,0,0,0,0,0
1001,14701,361392880007,3,"ソルティーナ",10,314,0,0,0,0,0,0,0,0,0,0,0,0,0
1404,14701,361392880007,4,"[天泣の魔女]ルサールカ",5,314,0,0,0,0,0,0,0,0,0,0,0,0,0
1504,14701,361392880007,5,"[骸晶の魔女]オフィーリア",6,314,0,0,0,0,0,0,0,0,0,0,0,0,0
1103,14702,361392880007,1,"アモール",13,314,0,0,0,0,0,0,0,0,0,0,0,0,0
1106,14702,361392880007,2,"ディアン",9,314,0,0,0,0,0,0,0,0,0,0,0,0,0
1102,14702,361392880007,3,"フレイシア",13,314,0,0,0,0,0,0,0,0,0,0,0,0,0
1104,14702,361392880007,4,"リーン",14,314,0,0,0,0,0,0,0,0,0,0,0,0,0
1109,14702,361392880007,5,"アーティ",5,314,0,0,0,0,0,0,0,0,0,0,0,0,0
1004,14703,361392880007,1,"フローレンス",14,314,0,0,0,0,0,0,0,0,0,0,0,0,0
1202,14703,361392880007,2,"マーリン",14,314,0,0,0,0,0,0,0,0,0,0,0,0,0
1203,14703,361392880007,3,"コルディ",14,314,0,0,0,0,0,0,0,0,0,0,0,0,0
1305,14703,361392880007,4,"プリマヴェーラ",14,314,0,0,0,0,0,0,0,0,0,0,0,0,0
1301,14703,361392880007,5,"ミミ",12,314,0,0,0,0,0,0,0,0,0,0,0,0,0

# 

# なりの助け
